alpha_state_code,numeric_state_code,county_number,county_name,resident_code,region,district,resident_office,
AL ,1,1,AUTAUGA,,10,4, ,
AL ,1,3,BALDWIN,,15,4, ,
AL ,1,5,BARBOUR,,15,4, ,
AL ,1,7,BIBB,,10,4, ,
AL ,1,9,BLOUNT,,10,4, ,
AL ,1,11,BULLOCK,,15,4, ,
AL ,1,13,BUTLER,,15,4, ,
AL ,1,15,CALHOUN,,10,4, ,
AL ,1,17,CHAMBERS,,10,4, ,
AL ,1,19,CHEROKEE,,10,4, ,
AL ,1,21,CHILTON,,10,4, ,
AL ,1,23,CHOCTAW,,15,4, ,
AL ,1,25,CLARKE,,15,4, ,
AL ,1,27,CLAY,,10,4, ,
AL ,1,29,CLEBURNE,,10,4, ,
AL ,1,31,COFFEE,,15,4, ,
AL ,1,33,COLBERT,,10,4, ,
AL ,1,35,CONECUH,,15,4, ,
AL ,1,37,COOSA,,10,4, ,
AL ,1,39,COVINGTON,,15,4, ,
AL ,1,41,CRENSHAW,,15,4, ,
AL ,1,43,CULLMAN,,10,4, ,
AL ,1,45,DALE,,15,4, ,
AL ,1,47,DALLAS,,15,4, ,
AL ,1,49,DEKALB,,10,4, ,
AL ,1,51,ELMORE,,10,4, ,
AL ,1,53,ESCAMBIA,,15,4, ,
AL ,1,55,ETOWAH,,10,4, ,
AL ,1,57,FAYETTE,,10,4, ,
AL ,1,59,FRANKLIN,,10,4, ,
AL ,1,61,GENEVA,,15,4, ,
AL ,1,63,GREENE,,10,4, ,
AL ,1,65,HALE,,10,4, ,
AL ,1,67,HENRY,,15,4,  ,
AL ,1,69,HOUSTON,,15,4,  ,
AL ,1,71,JACKSON,,10,4, ,
AL ,1,73,JEFFERSON,,10,4, ,
AL ,1,75,LAMAR,,10,4, ,
AL ,1,77,LAUDERDALE,,10,4, ,
AL ,1,79,LAWRENCE,,10,4, ,
AL ,1,81,LEE,,10,4, ,
AL ,1,83,LIMESTONE,,10,4, ,
AL ,1,85,LOWNDES,,15,4, ,
AL ,1,87,MACON,,15,4, ,
AL ,1,89,MADISON,B,10,4,BIRMINGHAM,
AL ,1,91,MARENGO,,15,4, ,
AL ,1,93,MARION,B,10,4,BIRMINGHAM,
AL ,1,95,MARSHALL,B,10,4,BIRMINGHAM,
AL ,1,97,MOBILE,,15,4, ,
AL ,1,99,MONROE,,15,4, ,
AL ,1,101,MONTGOMERY,,15,4, ,
AL ,1,103,MORGAN,B,10,4,BIRMINGHAM,
AL ,1,105,PERRY,B,10,4,BIRMINGHAM,
AL ,1,107,PICKENS,B,10,4,BIRMINGHAM,
AL ,1,109,PIKE,,15,4, ,
AL ,1,111,RANDOLPH,B,10,4,BIRMINGHAM,
AL ,1,113,RUSSELL,,15,4, ,
AL ,1,115,ST CLAIR,B,10,4,BIRMINGHAM,
AL ,1,117,SHELBY,B,10,4,BIRMINGHAM,
AL ,1,119,SUMTER,B,10,4,BIRMINGHAM,
AL ,1,121,TALLADEGA,B,10,4,BIRMINGHAM,
AL ,1,123,TALLAPOOSA,B,10,4,BIRMINGHAM,
AL ,1,125,TUSCALOOSA,B,10,4,BIRMINGHAM,
AL ,1,127,WALKER,B,10,4,BIRMINGHAM,
AL ,1,129,WASHINGTON,,15,4, ,
AL ,1,131,WILCOX,,15,4, ,
AL ,1,133,WINSTON,B,10,4,BIRMINGHAM,
AZ,2,1,APACHE,,28,5, ,
AZ,2,3,COCHISE,,28,5, ,
AZ,2,5,COCONINO,,28,5, ,
AZ,2,7,GILA,,28,5, ,
AZ,2,9,GRAHAM,,28,5, ,
AZ,2,11,GREENLEE,,28,5, ,
AZ,2,13,MARICOPA,,28,5, ,
AZ,2,15,MOHAVE,,28,5, ,
AZ,2,17,NAVAJO,,28,5, ,
AZ,2,19,PIMA,,28,5, ,
AZ,2,21,PINAL,,28,5, ,
AZ,2,23,SANTA CRUZ,,28,5, ,
AZ,2,25,YAVAPAI,,28,5, ,
AZ,2,27,YUMA,,28,5, ,
AR,3,1,ARKANSAS,L,26,4,LITTLE ROCK,
AR,3,3,ASHLEY,L,26,4,LITTLE ROCK,
AR,3,5,BAXTER,L,26,4,LITTLE ROCK,
AR,3,7,BENTON,L,26,4,LITTLE ROCK,
AR,3,9,BOONE,L,26,4,LITTLE ROCK,
AR,3,11,BRADLEY,L,26,4,LITTLE ROCK,
AR,3,13,CALHOUN,L,26,4,LITTLE ROCK,
AR,3,15,CARROLL,L,26,4,LITTLE ROCK,
AR,3,17,CHICOT,L,26,4,LITTLE ROCK,
AR,3,19,CLARK,L,26,4,LITTLE ROCK,
AR,3,21,CLAY,,26,4, ,
AR,3,23,CLEBURNE,L,26,4,LITTLE ROCK,
AR,3,25,CLEVELAND,L,26,4,LITTLE ROCK,
AR,3,27,COLUMBIA,L,26,4,LITTLE ROCK,
AR,3,29,CONWAY,L,26,4,LITTLE ROCK,
AR,3,31,CRAIGHEAD,,26,4, ,
AR,3,33,CRAWFORD,L,26,4,LITTLE ROCK,
AR,3,35,CRITTENDEN,,26,4, ,
AR,3,37,CROSS,,26,4, ,
AR,3,39,DALLAS,L,26,4,LITTLE ROCK,
AR,3,41,DESHA,L,26,4,LITTLE ROCK,
AR,3,43,DREW,L,26,4,LITTLE ROCK,
AR,3,45,FAULKNER,L,26,4,LITTLE ROCK,
AR,3,47,FRANKLIN,L,26,4,LITTLE ROCK,
AR,3,49,FULTON,,26,4, ,
AR,3,51,GARLAND,L,26,4,LITTLE ROCK,
AR,3,53,GRANT,L,26,4,LITTLE ROCK,
AR,3,55,GREENE,,26,4, ,
AR,3,57,HEMPSTEAD,L,26,4,LITTLE ROCK,
AR,3,59,HOT SPRING,L,26,4,LITTLE ROCK,
AR,3,61,HOWARD,L,26,4,LITTLE ROCK,
AR,3,63,INDEPENDENCE,,26,4, ,
AR,3,65,IZARD,,26,4, ,
AR,3,67,JACKSON,,26,4, ,
AR,3,69,JEFFERSON,L,26,4,LITTLE ROCK,
AR,3,71,JOHNSON,L,26,4,LITTLE ROCK,
AR,3,73,LAFAYETTE,L,26,4,LITTLE ROCK,
AR,3,75,LAWRENCE,,26,4, ,
AR,3,77,LEE,,26,4, ,
AR,3,79,LINCOLN,L,26,4,LITTLE ROCK,
AR,3,81,LITTLE RIVER,L,26,4,LITTLE ROCK,
AR,3,83,LOGAN,L,26,4,LITTLE ROCK,
AR,3,85,LONOKE,L,26,4,LITTLE ROCK,
AR,3,87,MADISON,L,26,4,LITTLE ROCK,
AR,3,89,MARION,L,26,4,LITTLE ROCK,
AR,3,91,MILLER,L,26,4,LITTLE ROCK,
AR,3,93,MISSISSIPPI,,26,4,LITTLE ROCK,
AR,3,95,MONROE,,26,4, ,
AR,3,97,MONTGOMERY,L,26,4,LITTLE ROCK,
AR,3,99,NEVADA,L,26,4,LITTLE ROCK,
AR,3,101,NEWTON,L,26,4,LITTLE ROCK,
AR,3,103,OUACHITA,L,26,4,LITTLE ROCK,
AR,3,105,PERRY,L,26,4,LITTLE ROCK,
AR,3,107,PHILLIPS,,26,4, ,
AR,3,109,PIKE,L,26,4,LITTLE ROCK,
AR,3,111,POINSETT,,26,4, ,
AR,3,113,POLK,L,26,4,LITTLE ROCK,
AR,3,115,POPE,L,26,4,LITTLE ROCK,
AR,3,117,PRAIRIE,L,26,4,LITTLE ROCK,
AR,3,119,PULASKI,L,26,4,LITTLE ROCK,
AR,3,121,RANDOLPH,,26,4, ,
AR,3,123,ST FRANCIS,,26,4, ,
AR,3,125,SALINE,L,26,4,LITTLE ROCK,
AR,3,127,SCOTT,L,26,4,LITTLE ROCK,
AR,3,129,SEARCY,L,26,4,LITTLE ROCK,
AR,3,131,SEBASTIAN,L,26,4,LITTLE ROCK,
AR,3,133,SEVIER,L,26,4,LITTLE ROCK,
AR,3,135,SHARP,,26,4, ,
AR,3,137,STONE,L,26,4,LITTLE ROCK,
AR,3,139,UNION,L,26,4,LITTLE ROCK,
AR,3,141,VAN BUREN,L,26,4,LITTLE ROCK,
AR,3,143,WASHINGTON,L,26,4,LITTLE ROCK,
AR,3,145,WHITE,L,26,4,LITTLE ROCK,
AR,3,147,WOODRUFF,,26,4, ,
AR,3,149,YELL,L,26,4,LITTLE ROCK,
CA,4,1,ALAMEDA,,32,6, ,
CA,4,3,ALPINE,,32,6, ,
CA,4,5,AMADOR,,32,6, ,
CA,4,7,BUITE,,20,6, ,
CA,4,9,CALAVERAS,,32,6, ,
CA,4,11,COLUSA,,20,6, ,
CA,4,13,CONTRA COSTA,,32,6, ,
CA,4,15,DEL NORTE,,20,6, ,
CA,4,17,EL DORADO,,32,6, ,
CA,4,19,FRESNO,,32,6, ,
CA,4,21,GLENN,,20,6, ,
CA,4,23,HUMBOLDT,,20,6, ,
CA,4,25,IMPERIAL,S,21,6,SAN DIEGO,
CA,4,27,INYO,,31,6, ,
CA,4,29,KERN,,31,6, ,
CA,4,31,KINGS,,32,6, ,
CA,4,33,LAKE,,20,6, ,
CA,4,35,LASSEN,,20,6, ,
CA,4,37,LOS ANGELES,,21,6, ,
CA,4,39,MADERA,,32,6, ,
CA,4,41,MARIN,,20,6, ,
CA,4,43,MARIPOSA,,32,6, ,
CA,4,45,MENOOCINO,,20,6, ,
CA,4,47,MERCED,,32,6, ,
CA,4,49,MODOC,,20,6, ,
CA,4,51,MONO,,32,6, ,
CA,4,53,MONTEREY,,32,6, ,
CA,4,55,NAPA,,20,6, ,
CA,4,57,NEVADA,,20,6, ,
CA,4,59,ORANGE,,21,6, ,
CA,4,61,PLACER,,20,6, ,
CA,4,63,PLUMAS,,20,6, ,
CA,4,65,RIVERSIDE,,21,6, ,
CA,4,67,SACRAMENTO,,20,6, ,
CA,4,69,SAN BENITO,,32,6, ,
CA,4,71,SAN BERNADINO,,31,6, ,
CA,4,73,SAN DIEGO,S,21,6,SAN DIEGO,
CA,4,75,SAN FRANCISCO,,20,6, ,
CA,4,77,SAN JOAQUIN,,32,6, ,
CA,4,79,SAN LUIS OBISPO,,31,6, ,
CA,4,81,SAN MATEO,,20,6, ,
CA,4,83,SANTA BARBARA,,31,6, ,
CA,4,85,SANTA CLARA,,32,6, ,
CA,4,87,SANTA CRUZ,,32,6, ,
CA,4,89,SHASTA,,20,6, ,
CA,4,91,SIERRA,,20,6, ,
CA,4,93,SISKIYOU,,20,6, ,
CA,4,95,SOLANO,,20,6, ,
CA,4,97,SONOMA,,20,6, ,
CA,4,99,STANISLAUS,,32,6, ,
CA,4,101,SUITER,,20,6, ,
CA,4,103,TEHAMA,,20,6, ,
CA,4,105,TRINITY,,20,6, ,
CA,4,107,TULARE,,32,6, ,
CA,4,109,TUOLUMNE,,32,6, ,
CA,4,111,VENTURA,,31,6, ,
CA,4,115,YUBA,,20,6, ,
CO,5,1,ADAMS,,27,5, ,
CO,5,3,ALAMOSA,,27,5, ,
CO,5,5,ARAPAHOE,,27,5, ,
CO,5,7,ARCHULETA,,27,5, ,
CO,5,9,BACA,,27,5, ,
CO,5,11,BENT,,27,5, ,
CO,5,13,BOULDER,,27,5, ,
CO,5,15,CHAFFEE,,27,5, ,
CO,5,17,CHEYENNE,,27,5, ,
CO,5,18,CLEAR CREEK,,27,5, ,
CO,5,21,CONEJOS,,27,5, ,
CO,5,23,COSTILLA,,27,5, ,
CO,5,25,CROWLEY,,27,5, ,
CO,5,27,CUSTER,,27,5, ,
CO,5,29,DELTA,,27,5, ,
CO,5,31,DENVER,,27,5, ,
CO,5,33,DOLORES,,27,5, ,
CO,5,35,DOUGLAS,,27,5, ,
CO,5,37,EAGLE,,27,5, ,
CO,5,39,ELBERT,,27,5, ,
CO,5,41,ELPASO,,27,5, ,
CO,5,43,FREMONT,,27,5, ,
CO,5,45,GARFIELD,,27,5, ,
CO,5,47,GILPIN,,27,5, ,
CO,5,49,GRAND,,27,5, ,
CO,5,51,GUNNISON,,27,5, ,
CO,5,53,HINSDALE,,27,5, ,
CO,5,55,HUERFANO,,27,5,,
CO,5,57,JACKSON,,27,5,,
CO,5,59,JEFFERSON,,27,5,,
CO,5,61,KIOWA,,27,5,,
CO,5,63,KIT CARSON,,27,5,,
CO,5,65,LAKE,,27,5,,
CO,5,67,LA PLATA,,27,5,,
CO,5,69,LARIMER,,27,5,,
CO,5,71,LAS ANIMAS,,27,5,,
CO,5,73,LINCOLN,,27,5,,
CO,5,75,LOGAN,,27,5,,
CO,5,77,MESA,,27,5,,
CO,5,79,MINERAL,,27,5,,
CO,5,81,MOFFAT,,27,5,,
CO,5,83,MONTEZUMA,,27,5,,
CO,5,85,MONTROSE,,27,5,,
CO,5,87,MORGAN,,27,5,,
CO,5,89,OTERO,,27,5,,
CO,5,91,OURAY,,27,5,,
CO,5,93,PARK,,27,5,,
CO,5,95,PHILLIDI,,27,5,,
CO,5,97,PITKIN,,27,5,,
CO,5,99,PROWERS,,27,5,,
CO,5,101,PUEBLO,,27,5,,
CO,5,103,RIO BLANCO,,27,5,,
CO,5,105,RIO GRANDE,,27,5,,
CO,5,107,ROUTT,,27,5,,
CO,5,109,SAGUACHE,,27,5, ,
CO,5,111,SAN JUAN,,27,5,,
CO,5,113,SAN MIGUEL,,27,5, ,
CO,5,115,SEDGWICK,,27,5, ,
CO,5,117,SUMMIT,27,5, ,,
CO,5,119,TELLER,,27,5, ,
CO,5,121,WASHINGTON,,27,5, ,
CO,5,123,WELD,,27,5, ,
CO,5,125,YUMA,,27,5, ,
CN,6,1,FAIRFIELD,,39,1,,
CN,6,3,HARTFORD,,39,1,,
CN,6,5,LITCHFIELD,,39,1,,
CN,6,7,MIDDLESEX,,39,1,,
CN,6,9,NEW HAVEN,,39,1,,
CN,6,11,NEW LONDON,,39,1,,
CN,6,13,TOLLAND,,39,1,,
CN,6,15,WINDHAM,,39,1,,
DE,7,1,KENT,,5,4,,
DE,7,3,NEW CASTLE,,4,1,,
DE,7,5,SUSSEX,,5,4,,
DC,8,1,DIST OF COLUMBIA,D,5,4,WASHINGTON DC,
FL,9,1,ALACHUA,,12,4, ,
FL,9,3,BAKER,J,12,4,JACKSONVILLE,
FL,9,5,BAY,,15,4, ,
FL,9,7,BRADFORD,,12,4, ,
FL,9,9,BREVARD,,12,4, ,
FL,9,11,BROWARD,M,12,4,MIAMI,
FL,9,13,CALHOUN,,15,4, ,
FL,9,15,CHARLOTIE,,12,4, ,
FL,9,17,CITRUS,,12,4, ,
FL,9,19,CLAY,J,12,4,JACKSONVILLE,
FL,9,21,COLLIER,M,12,4,MIAMI,
FL,9,23,COLUMBIA,,12,4, ,
FL,9,25,DADE,M,12,4,MIAMI,
FL,9,27,DESOTO,,12,4, ,
FL,9,29,DIXIE,,12,4, ,
FL,9,31,DUVAL,J,12,4,JACKSONVILLE,
FL,9,33,ESCAMBIA,,15,4, ,
FL,9,35,FLAGLER,,12,4, ,
FL,9,37,FRANKLIN,,15,4, ,
FL,9,39,GADSDEN,,12,4, ,
FL,9,41,GILCHRIST,,12,4, ,
FL,9,43,GLADES,,12,4, ,
FL,9,45,GULF,,15,4, ,
FL,9,47,HAMILTON,,12,4, ,
FL,9,49,HARDEE,,12,4, ,
FL,9,51,HENDRY,M,12,4,MIAMI,
FL,9,53,HERNANDO,,12,4, ,
FL,9,55,HIGHLANDS,,12,4, ,
FL,9,57,HILLSBOROUGH,,12,4, ,
FL,9,59,HOLMES,,15,4, ,
FL,9,61,INDIAN RIVER,,12,4, ,
FL,9,63,JACKSON,,12,4, ,
FL,9,67,LAFAYETTE,,12,4, ,
FL,9,69,LAKE,,12,4, ,
FL,9,71,LEE,,12,4, ,
FL,9,73,LEON,,12,4, ,
FL,9,75,LEVY,,12,4, ,
FL,9,77,LIBERTY,,15,4, ,
FL,9,79,MADISON,,12,4, ,
FL,9,81,MANATEE,,12,4, ,
FL,9,83,MARION,,12,4, ,
FL,9,85,MARTIN,,12,4, ,
FL,9,87,MONROE,M,12,4,MIAMI ,
FL,9,89,NASSAU,J,12,4,JACKSONVILLE ,
FL,9,91,OKALOOSA,,15,4, ,
FL,9,93,OKEECHOBEE,,12,4, ,
FL,9,95,ORANGE,,12,4, ,
FL,9,97,OSCEOLA,,12,4, ,
FL,9,99,PALM BEACH,,12,4, ,
FL,9,101,PASCO,,12,4, ,
FL,9,103,PINELLAS,,12,4, ,
FL,9,105,POLK,,12,4, ,
FL,9,107,PUTNAM,,12,4, ,
FL,9,109,ST JOHNS,J,12,4,JACKSONVILLE ,
FL,9,111,STLUCIE,,12,4, ,
FL,9,113,SANTA ROSA,,15,4, ,
FL,9,115,SARASOTA,,12,4, ,
FL,9,117,SEMINOLE,,12,4, ,
FL,9,119,SUMTER,,12,4, ,
FL,9,121,SUWANNEE,,12,4, ,
FL,9,123,TAYLOR,,12,4, ,
FL,9,125,UNION,,12,4, ,
FL,9,127,VOLUSIA,,12,4, ,
FL,9,129,WAKULLA,,12,4, ,
FL,9,131,WALTON,,15,4, ,
FL,9,133,WASHINGTON,,15,4, ,
GA,10,1,APPLING,,10,4, ,
GA,10,3,ATKINSON,,10,4, ,
GA,10,5,BACON,,10,4, ,
GA,10,7,BAKER,,10,4, ,
GA,10,9,BALDWIN,,10,4, ,
GA,10,11,BANKS,,10,4, ,
GA,10,13,BARROW,,10,4, ,
GA,10,15,BARTOW,,10,4, ,
GA,10,17,BEN HILL,,10,4, ,
GA,10,19,BERRIEN,,10,4, ,
GA,10,21,BIBB,,10,4, ,
GA,10,23,BLECKLEY,,10,4, ,
GA,10,25,BRANTLEY,,10,4, ,
GA,10,27,BROOKS,,10,4, ,
GA,10,29,BRYAN,,10,4, ,
GA,10,31,BULLOCH,,10,4, ,
GA,10,33,BURKE,,10,4, ,
GA,10,35,BUTTS,,10,4, ,
GA,10,37,CALHOUN,,10,4, ,
GA,10,39,CAMDEN,,10,4, ,
GA,10,43,CANDLER,,10,4, ,
GA,10,45,CARROLL,,10,4, ,
GA,10,47,CATOOSA,,10,4, ,
GA,10,49,CHARLTON,,10,4, ,
GA,10,51,CHATHAM,,10,4, ,
GA,10,53,CHATTAHOOCH,,10,4, ,
GA,10,55,CHATTooGA,,10,4, ,
GA,10,57,CHEROKEE,,10,4, ,
GA,10,59,CLARKE,,10,4, ,
GA,10,61,CLAY,,10,4, ,
GA,10,63,CLAYTON,,10,4, ,
GA,10,65,CLINCH,,10,4, ,
GA,10,67,COBB,,10,4, ,
GA,10,69,COFFEE,,10,4, ,
GA,10,71,COLQUITT,,10,4, ,
GA,10,73,COLUMBIA,,10,4, ,
GA,10,75,COOK,,10,4, ,
GA,10,77,COWETA,,10,4, ,
GA,10,79,CRAWFORD,,10,4, ,
GA,10,81,CRISP,,10,4, ,
GA,10,83,DADE,,10,4, ,
GA,10,85,DAWSON,,10,4, ,
GA,10,87,DECATUR,,10,4, ,
GA,10,89,DEKALB,,10,4, ,
GA,10,91,DODGE,,10,4, ,
GA,10,93,DOOLY,,10,4, ,
GA,10,95,DOUGHERTY,,10,4, ,
GA,10,97,DOUGLAS,,10,4, ,
GA,10,99,EARLY,,10,4, ,
GA,10,101,ECHOLS,,10,4, ,
GA,10,103,EFFINGHAM,,10,4, ,
GA,10,105,ELBERT,,10,4, ,
GA,10,107,EMANUEL,,10,4, ,
GA,10,109,EVANS,,10,4, ,
GA,10,111,FANNIN,III,,10,4, 
GA,10,113,FAYETTE,,10,4, ,
GA,10,115,FLOYD,,10,4, ,
GA,10,117,FORSYTH,,10,4, ,
GA,10,119,FRANKLIN,,10,4, ,
GA,10,121,FULTON,,10,4, ,
GA,10,123,GILMER,,10,4, ,
GA,10,125,GLASCOCK,,10,4, ,
GA,10,127,GLYNN,,10,4, ,
GA,10,129,GORDON,,10,4, ,
GA,10,131,GRADY,,10,4, ,
GA,10,133,GREENE,,10,4, ,
GA,10,135,GWlNNETT,,10,4, ,
GA,10,137,HABERSHAM,,10,4, ,
GA,10,139,HALL,,10,4, ,
GA,10,141,HANCOCK,,10,4, ,
GA,10,143,HARALSON,,10,4, ,
GA,10,145,HARRIS,,10,4, ,
GA,10,147,HART,,10,4, ,
GA,10,149,HEARD,,10,4, ,
GA,10,151,HENRY,,10,4, ,
GA,10,153,HOUSTON,,10,4, ,
GA,10,155,IRWIN,,10,4, ,
GA,10,157,JACKSON,,10,4, ,
GA,10,159,JASPER,,10,4, ,
GA,10,161,JEFF DAVIS,,10,4, ,
GA,10,163,JEFFERSON,,10,4, ,
GA,10,165,JENKINS,,10,4, ,
GA,10,167,JOHNSON,,10,4, ,
GA,10,169,JONES,,10,4, ,
GA,10,171,LAMAR,,10,4, ,
GA,10,173,LANIER,,10,4, ,
GA,10,175,LAURENS,,10,4, ,
GA,10,177,LEE.1,,10,4, ,
GA,10,179,LIBERTY,,10,4, ,
GA,10,181,LINCOLN,,10,4, ,
GA,10,183,LONG,,10,4, ,
GA,10,185,LOWNDES,,10,4, ,
GA,10,187,LUMPKIN,,10,4, ,
GA,10,189,MCDUFFIE,,10,4, ,
GA,10,191,MCINTOSH,,10,4, ,
GA,10,193,MACON,,10,4, ,
GA,10,195,MADISON,,10,4, ,
GA,10,197,MARION,,10,4, ,
GA,10,199,MERIWETHER,,10,4, ,
GA,10,201,MILLER,,10,4, ,
GA,10,205,MITCHELL,,10,4, ,
GA,10,207,MONROE,,10,4, ,
GA,10,209,MONTGOMERY,,10,4, ,
GA,10,211,MORGAN,,10,4, ,
GA,10,213,MURRAY,,10,4, ,
GA,10,217,NEWTON,,10,4, ,
GA,10,219,OCONEE,,10,4, ,
GA,10,221,OGLETHORPE,,10,4, ,
GA,10,223,PAULDING,,10,4, ,
GA,10,225,PEACH,,10,4, ,
GA,10,227,PICKENS,,10,4, ,
GA,10,229,PIERCE,,10,4, ,
GA,10,231,PIKE,,10,4, ,
GA,10,233,POLK,,10,4, ,
GA,10,235,PULASKI,,10,4, ,
GA,10,237,PUTNAM,,10,4, ,
GA,10,239,QUITMAN,,10,4, ,
GA,10,241,RABUN,,10,4, ,
GA,10,243,RANDOLPH,,10,4, ,
GA,10,245,RICHMOND,,10,4, ,
GA,10,247,ROCKDALE,,10,4, ,
GA,10,249,SCHLEY,,10,4, ,
GA,10,251,SCREVEN,,10,4, ,
GA,10,253,SEMINOLE,,10,4, ,
GA,10,255,SPAULDING,,10,4, ,
GA,10,257,STEPHENS,,10,4, ,
GA,10,259,STEWART,,10,4,,
GA,10,261,SUMTER,,10,4, ,
GA,10,263,TALBOT,,10,4, ,
GA,10,265,TALIAFERRO,,10,4, ,
GA,10,267,TATTNALL,,10,4, ,
GA,10,269,TAYLOR,,10,4, ,
GA,10,271,TELFAIR,,10,4, ,
GA,10,273,TERRELL,,10,4, ,
GA,10,275,THOMAS,,10,4, ,
GA,10,277,TIFT,,10,4, ,
GA,10,279,TOOMBS,,10,4,,
GA,10,281,TOWNS,,10,4,,
GA,10,283,TREUTLEN,,10,4,,
GA,10,285,TROUP,,10,4,,
GA,10,287,TURNER,,10,4,,
GA,10,289,TWIGGS,,10,4,,
GA,10,291,UNION,,10,4,,
GA,10,293,UPSON,,10,4,,
GA,10,295,WALKER,,10,4,,
GA,10,297,WALTON,,10,4,,
GA,10,299,WARE,,10,4,,
GA,10,301,WARREN,,10,4,,
GA,10,303,WASHINGTON,,10,4,,
GA,10,305,WAYNE,,10,4,,
GA,10,307,WEBSTER,,10,4,,
GA,10,309,WHEELER,,10,4,,
GA,10,311,WHITE,,10,4,,
GA,10,313,WHITFIELD,,10,4,,
GA,10,315,WILCOX,,10,4,,
GA,10,317,WILKES,,10,4,,
GA,10,319,WILKINSON,,10,4,,
GA,10,321,WORTH,,10,4,,
GA,10,510,COLUMBUS,,10,4,,
ID,11,1,ADA,,19,6,,
ID,11,3,ADAMS,,19,6,,
ID,11,5,BANNOCK,,19,6,,
ID,11,7,BEAR LAKE,,19,6,,
ID,11,9,BENEWAH,,19,6,,
ID,11,11,BINGHAM,,19,6,,
ID,11,13,BLAINE,,19,6,,
ID,11,15,BOISE,,19,6,,
ID,11,17,BONNER,,19,6,,
ID,11,19,BONNEVILLE,,19,6,,
ID,11,21,BOUNDARY,,19,6,,
ID,11,23,BUTrE,,19,6,,
ID,11,25,CAMAS,,19,6,,
ID,11,27,CANYON,,19,6,,
ID,11,29,CARIBOU,,19,6,,
ID,11,31,CASSIA,,19,6,,
ID,11,33,CLARK,,19,6,,
ID,11,35,CLEARWATER,,19,6,,
ID,11,37,CUSTER,,19,6,,
ID,11,39,ELMORE,,19,6,,
ID,11,41,FRANKLIN,,19,6,,
ID,11,43,FREMONT,,19,6,,
ID,11,45,GEM,,19,6,,
ID,11,47,GOODING,,19,6,,
ID,11,49,IDAHO,,19,6,,
ID,11,51,JEFFERSON,,19,6,,
ID,11,53,JEROME,,19,6,,
ID,11,55,KOOTENAI,,19,6,,
ID,11,57,LATAH,,19,6,,
ID,11,59,LEMHI,,19,6,,
ID,11,61,LEWIS,,19,6,,
ID,11,63,LINCOLN,,19,6, ,
ID,11,65,MADISON,,19,6, ,
ID,11,67,MINIDOKA,,19,6, ,
ID,11,69,NEZ PERCE,,19,6, ,
ID,11,71,ONEIDA,,19,6, ,
ID,11,73,OWYHEE,,19,6, ,
ID,11,75,PAYETTE,,19,6, ,
ID,11,77,POWER,,19,6, ,
ID,11,79,SHOSHONE,,19,6, ,
ID,11,81,TETON,,19,6, ,
ID,11,83,TWIN FALLS,,19,6, ,
ID,11,85,VALLEY,,19,6, ,
ID,11,87,WASHINGTON,,19,6, ,
IL,12,1,ADAMS,,14,3, ,
IL,12,3,ALEXANDER,,14,3, ,
IL,12,5,BOND,,14,3, ,
IL,12,7,BOONE,,33,3, ,
IL,12,9,BROWN,,14,3, ,
IL,12,11,BUREAU,,33,3, ,
IL,12,13,CALHOUN,,14,3, ,
IL,12,15,CARROLL,,33,3, ,
IL,12,17,CASS,,33,3, ,
IL,12,19,CHAMPAIGN,,33,3, ,
IL,12,21,CHRISTIAN,,14,3, ,
IL,12,23,CLARK,,14,3, ,
IL,12,25,CLAY,,14,3, ,
IL,12,27,CLINTON,,14,3, ,
IL,12,29,COLES,,14,3, ,
IL,12,31,COOK,,13,3, ,
IL,12,33,CRAWFORD,,14,3, ,
IL,12,35,CUMBERLAND,,14,3, ,
IL,12,37,DEKALB,,33,3, ,
IL,12,39,DEWITT,,33,3, ,
IL,12,41,DOUGLAS,,33,3, ,
IL,12,43,DUPAGE,,13,3, ,
IL,12,45,EDGAR,,14,3, ,
IL,12,47,EDWARDS,,14,3, ,
IL,12,49,EFFINGHAM,,14,3, ,
IL,12,51,FAYETTE,,14,3, ,
IL,12,53,FORD,,33,3, ,
IL,12,55,FRANKLIN,,14,3, ,
IL,12,57,FULTON,,33,3, ,
IL,12,59,GALLATIN,,14,3,,
IL,12,61,GREENE,,14,3,,
IL,12,63,GRUNDY,,33,3,,
IL,12,67,HANCOCK,,33,3,,
IL,12,69,HARDIN,,14,3,,
IL,12,71,HENDERSON,,33,3,,
IL,12,73,HENRY,,33,3,,
IL,12,75,IROQUOIS,,33,3,,
IL,12,77,JACKSON,,14,3,,
IL,12,79,JASPER,,14,3,,
IL,12,83,JERSEY,,14,3,,
IL,12,85,JO DAVIESS,,33,3,,
IL,12,87,JOHNSON,,14,3,,
IL,12,89,KANE,,13,3,,
IL,12,91,KANKAKEE,,33,3,,
IL,12,93,KENDALL,,33,3,,
IL,12,95,KNOX,,33,3,,
IL,12,97,LAKE,,13,3,,
IL,12,99,LASALLE,,33,3,,
IL,12,101,LAWRENCE,,14,3,,
IL,12,103,LEE,,33,3,,
IL,12,105,LIVINGSTON,,33,3,,
IL,12,107,LOGAN,,33,3,,
IL,12,109,MCDONOUGH,,33,3,,
IL,12,111,MCHENRY,,33,3,,
IL,12,113,MCLEAN,,33,3, ,
IL,12,115,MACON,,33,3, ,
IL,12,117,MACOUPIN,,14,3, ,
IL,12,119,MADISON,,14,3, ,
IL,12,121,MARION,,14,3, ,
IL,12,123,MARSHALL,,33,3, ,
IL,12,125,MASON,,33,3, ,
IL,12,127,MASSAC,,14,3, ,
IL,12,129,MENARD,,33,3, ,
IL,12,131,MERCER,,33,3, ,
IL,12,133,MONROE,,14,3, ,
IL,12,135,MONTGOMERY,,14,3, ,
IL,12,137,MORGAN,,33,3, ,
IL,12,139,MOULTRIE,,33,3, ,
IL,12,141,OGLE,,33,3, ,
IL,12,143,PEORIA,,33,3, ,
IL,12,145,PERRY,,14,3, ,
IL,12,147,PlATT,,33,3, ,
IL,12,149,PIKE,,14,3, ,
IL,12,151,POPE,,14,3, ,
IL,12,153,PULASKI,,14,3, ,
IL,12,155,PUTNAM,,33,3, ,
IL,12,157,RANDOLPH,,14,3, ,
IL,12,159,RlCHLAND,,14,3, ,
IL,12,161,ROCK ISLAND,,33,3, ,
IL,12,163,STCLAIR,,14,3, ,
IL,12,165,SALINE,,14,3, ,
IL,12,167,SANGAMON,,33,3, ,
IL,12,169,SCHUYLER,,33,3, ,
IL,12,171,SCOTT,,14,3, ,
IL,12,173,SHELBY,,14,3, ,
IL,12,175,STARK,,33,3, ,
IL,12,177,STEPHENSON,,33,3, ,
IL,12,179,TAZEWELL,,33,3, ,
IL,12,181,UNION,,14,3, ,
IL,12,183,VERMILION,,33,3, ,
IL,12,185,WABASH,,14,3, ,
IL,12,187,WARREN,,33,3, ,
IL,12,189,WASHINGTON,,14,3, ,
IL,12,191,WAYNE,,14,3, ,
IL,12,193,WHITE,,14,3, ,
IL,12,195,WHITESIDE,,33,3, ,
IL,12,197,WILL,,13,3, ,
IL,12,199,WILLIAMSON,,14,3, ,
IL,12,201,WINNEBAGO,,33,3, ,
IL,12,203,WOODFORD,,33,3, ,
IN,13,1,ADAMS,,25,3,,
IN,13,3,ALLEN,,25,3,,
IN,13,5,BARTHOLOMEW,,25,3,,
IN,13,7,BENTON,,25,3,,
IN,13,9,BLACKFORD,,25,3,,
IN,13,11,BOONE,,25,3,,
IN,13,13,BROWN,,25,3,,
IN,13,15,CARROLL,,25,3,,
IN,13,17,CASS,,25,3,,
IN,13,19,CLARK,,9,2,,
IN,13,21,CLAY,,25,3,,
IN,13,23,CLINTON,,25,3,,
IN,13,25,CRAWFORD,,25,3,,
IN,13,27,DAVIESS,,25,3,,
IN,13,29,DEARBORN,,9,2,,
IN,13,31,DECATUR,,25,3,,
IN,13,33,DEKALB,,25,3,,
IN,13,35,DELAWARE,,25,3,,
IN,13,37,DUBOIS,,25,3,,
IN,13,39,ELKHART,,25,3,,
IN,13,41,FAYETTE,,25,3,,
IN,13,43,FLOYD,,9,2,,
IN,13,45,FOUNTAIN,,25,3, ,
IN,13,47,FRANKLIN,,25,3, ,
IN,13,49,FULTON,,25,3, ,
IN,13,51,GIBSON,,25,3, ,
IN,13,53,GRANT,,25,3, ,
IN,13,55,GREENE,,25,3, ,
IN,13,57,HAMILTON,,25,3, ,
IN,13,59,HANCOCK,,25,3, ,
IN,13,61,HARRISON,,25,3, ,
IN,13,63,HENDRICKS,,25,3, ,
IN,13,65,HENRY,,25,3, ,
IN,13,67,HOWARD,,25,3, ,
IN,13,69,HUNTINGTON,,25,3, ,
IN,13,71,JACKSON,,25,3, ,
IN,13,73,JASPER,,25,3, ,
IN,13,75,JAY,,25,3, ,
IN,13,77,JEFFERSON,,25,3, ,
IN,13,79,JENNINGS,,25,3, ,
IN,13,81,JOHNSON,,25,3, ,
IN,13,83,KNOX,,25,3, ,
IN,13,85,KOSCIUSKO,,25,3, ,
IN,13,87,LAGRANGE,,25,3, ,
IN,13,89,LAKE,,13,3, ,
IN,13,91,LAPORTE,,25,3, ,
IN,13,93,LAWRENCE,,25,3, ,
IN,13,95,MADISON,,25,3, ,
IN,13,97,MARION,,25,3, ,
IN,13,99,MARSHALL,,25,3, ,
IN,13,101,MARTIN,,25,3, ,
IN,13,103,MIAMI,,25,3, ,
IN,13,105,MONROE,,25,3, ,
IN,13,107,MONTGOMERY,,25,3, ,
IN,13,109,MORGAN,,25,3, ,
IN,13,111,NEWTON,,25,3, ,
IN,13,113,NOBLE,,25,3, ,
IN,13,115,OHIO,,25,3, ,
IN,13,117,ORANGE,,25,3, ,
IN,13,119,OWEN,,25,3, ,
IN,13,121,PARKE,,25,3, ,
IN,13,123,PERRY,,25,3, ,
IN,13,125,PIKE,,25,3, ,
IN,13,127,PORTER,25,3, ,,
IN,13,129,POSEY,,25,3, ,
IN,13,131,PULASKI,,25,3, ,
IN,13,133,PUTNAM,,25,3, ,
IN,13,135,RANDOLPH,,25,3, ,
IN,13,137,RIPLEY,,25,3, ,
IN,13,139,RUSH,,25,3, ,
IN,13,141,ST JOSEPH,,25,3, ,
IN,13,143,SCOTT,,25,3, ,
IN,13,145,SHELBY,,25,3, ,
IN,13,147,SPENCER,,25,3, ,
IN,13,149,STARKE,,25,3, ,
IN,13,151,STEUBEN,,25,3, ,
IN,13,153,SULLIVAN,,25,3, ,
IN,13,155,SWITZERLAND,,25,3, ,
IN,13,157,TIPPECANOE,,25,3, ,
IN,13,159,TIPTON,,25,3, ,
IN,13,161,UNION,,25,3, ,
IN,13,163,VANDERBURGH,,25,3, ,
IN,13,165,VERMILLON,,25,3, ,
IN,13,167,VIGO,,25,3, ,
IN,13,169,WABASH,,25,3, ,
IN,13,171,WARREN,,25,3, ,
IN,13,173,WARRICK,,25,3, ,
IN,13,175,WASHINGTON,,25,3, ,
IN,13,177,WAYNE,,25,3, ,
IN,13,179,WELLS,,25,3, ,
IN,13,181,WHITE,,25,3, ,
IN,13,183,WHITLEY,,25,3, ,
IA,14,1,ADAIR,D,18,5,DES MOINES,
IA,14,3,ADAMS,D,18,5,DES MOINES,
IA,14,5,ALLAMAKEE,D,18,5,DES MOINES,
IA,14,7,APPANOO,D,18,5,DES MOINES,
IA,14,9,AUDUBON,D,18,5,DES MOINES,
IA,14,11,BENTON,D,18,5,DES MOINES,
IA,14,13,BLACK HAWK,D,18,5,DES MOINES,
IA,14,15,BOONE,D,18,5,DES MOINES,
IA,14,17,BREMER,D,18,5,DES MOINES,
IA,14,19,BUCHANAN,D,18,5,DES MOINES,
IA,14,21,BUENA VISTA,D,18,5,DES MOINES,
IA,14,23,BUTLER,D,18,5,DES MOINES,
IA,14,25,CALHOUN,D,18,5,DES MOINES,
IA,14,27,CARROLL,D,18,5,DES MOINES,
IA,14,29,CASS,D,18,5,DES MOINES,
IA,14,31,CEDAR,D,18,5,DES MOINES,
IA,14,33,CERRO GORDO,D,18,5,DES MOINES,
IA,14,35,CHEROKEE,D,18,5,DES MOINES,
IA,14,37,CHICKSAW,D,18,5,DES MOINES,
IA,14,39,CLARKE,D,18,5,DES MOINES,
IA,14,41,CLAY,D,18,5,DES MOINES,
IA,14,43,CLAYTON,D,18,5,DES MOINES,
IA,14,45,CLINTON,,33,3,DES MOINES,
IA,14,47,CRAWFORD,D,18,5,DES MOINES,
IA,14,49,DALLAS,D,18,5,DES MOINES,
IA,14,51,DAVIS,D,18,5,DES MOINES,
IA,14,53,DECATUR,D,18,5,DES MOINES,
IA,14,55,DELAWARE,D,18,5,DES MOINES,
IA,14,57,DES MOINES,,33,3,DES MOINES,
IA,14,59,DICKINSON,D,18,5,DES MOINES,
IA,14,61,DUBUQUE,,33,3,DES MOINES,
IA,14,63,EMMET,D,18,5,DES MOINES,
IA,14,65,FAYETTE,D,18,5,DES MOINES,
IA,14,67,FLOYD,D,18,5,DES MOINES,
IA,14,69,FRANKLIN,D,18,5,DES MOINES,
IA,14,71,FREMONT,D,18,5,DES MOINES,
IA,14,73,GREENE,D,18,5,DES MOINES,
IA,14,75,GRUNDY,D,18,5,DES MOINES,
IA,14,77,GUTHRIE,D,18,5,DES MOINES,
IA,14,79,HAMILTON,D,18,5,DES MOINES,
IA,14,81,HANCOCK,D,18,5,DES MOINES,
IA,14,83,HARDIN,D,18,5, DES MOINES,
IA,14,85,HARRISON,D,18,5,DES MOINES,
IA,14,87,HENRY,D,18,5,DES MOINES,
IA,14,89,HOWARD,D,18,5,DES MOINES,
IA,14,91,HUMBOLDT,D,18,5,DES MOINES,
IA,14,93,IDA,D,18,5,DES MOINES,
IA,14,95,IOWA,D,18,5,DES MOINES,
IA,14,97,JACKSON,,33,3, ,
IA,14,99,JASPER,D,18,5,DES MOINES,
IA,14,101,JEFFERSON,D,18,5,DES MOINES,
IA,14,103,JOHNSON,D,18,5,DES MOINES,
IA,14,105,JONES,D,18,5,DES MOINES,
IA,14,107,KEOKUK,D,18,5,DES MOINES,
IA,14,109,KOSSUTH,D,18,5,DES MOINES,
IA,14,111,LEE,,33,3, ,
IA,14,113,LINN,D,18,5,DES MOINES,
IA,14,115,LOUISA,,33,3, ,
IA,14,117,LUCAS,D,18,5,DES MOINES,
IA,14,119,LYON,D,18,5,DES MOINES,
IA,14,121,MADISON,D,18,5,DES MOINES,
IA,14,123,MAHASKA,D,18,5,DES MOINES,
IA,14,125,MARION,D,18,5,DES MOINES,
IA,14,127,MARSHALL,D,18,5,DES MOINES,
IA,14,129,MILLS,D,18,5,DES MOINES,
IA,14,131,MITCHELL,D,18,5,DES MOINES,
IA,14,133,MONONA,D,18,5,DES MOINES,
IA,14,135,MONROE,D,18,5,DES MOINES,
IA,14,137,MONTGOMERY,D,18,5,DES MOINES,
IA,14,139,MUSCATINE,,33,3, ,
IA,14,141,O'BRIEN,D,18,5,DES MOINES,
IA,14,143,OSCEOLA,D,18,5,DES MOINES,
IA,14,145,PAGE,D,18,5,DES MOINES,
IA,14,147,PALO ALTO,D,18,5,DES MOINES,
IA,14,149,PLYMOUTH,D,18,5,DES MOINES,
IA,14,151,POCAHONTAS,D,18,5,DES MOINES,
IA,14,153,POLK,D,18,5,DES MOINES,
IA,14,155,POTTAWATTAMIE,D,18,5,DES MOINES,
IA,14,157,POWESmEK,D,18,5,DES MOINES,
IA,14,159,RINGGOLD,D,18,5,DES MOINES,
IA,14,161,SAC,D,18,5,DES MOINES,
IA,14,163,SCOTT,33,3,,,
IA,14,165,SHELBY,D,18,5,DES MOINES,
IA,14,167,SIOUX,D,18,5,DES MOINES,
IA,14,169,STORY,D,18,5,DES MOINES,
IA,14,171,TAMA,D,18,5,DES MOINES,
IA,14,173,TAYLOR,D,18,5,DES MOINES,
IA,14,175,UNION,D,18,5,DES MOINES,
IA,14,177,VAN BUREN,D,18,5,DES MOINES,
IA,14,179,WAPELLO,D,18,5,DES MOINES,
IA,14,181,WARREN,D,18,5,DES MOINES,
IA,14,183,WASHINGTON,D,18,5,DES MOINES,
IA,14,185,WAYNE,D,18,5,DES MOINES,
IA,14,187,WEBSTER,D,18,5,DES MOINES,
IA,14,189,WINNEBAGO,D,18,5,DES MOINES,
IA,14,191,WINNESHIEK,D,18,5,DES MOINES,
IA,14,193,WOODBURY,D,18,5,DES MOINES,
IA,14,195,WORTH,D,18,5,DES MOINES,
IA,14,197,WRIGHT,D,18,5,DES MOINES,
KS,15,1,ALLEN,,17,5,,
KS,15,3,ANDERSON,,17,5,,
KS,15,5,ATCHISON,,17,5,,
KS,15,7,BARBER,,17,5,,
KS,15,9,BARTON,,17,5,,
KS,15,11,BOURBON,,17,5,,
KS,15,13,BROWN,,17,5,,
KS,15,15,BUTLER,,17,5,,
KS,15,17,CHASE,,17,5,,
KS,15,19,CHAUTAUQUA,,17,5,,
KS,15,21,CHEROKEE,,17,5,,
KS,15,23,CHEYENNE,,17,5,,
KS,15,25,CLARK,,17,5,,
KS,15,27,CLAY,,17,5,,
KS,15,29,CLOUD,,17,5,,
KS,15,31,COFFEY,,17,5,,
KS,15,33,COMANCHE,,17,5,,
KS,15,35,COWLEY,,17,5,,
KS,15,37,CRAWFORD,,17,5,,
KS,15,39,DECATUR,,17,5,,
KS,15,41,DICKINSON,,17,5,,
KS,15,43,DONIPHAN,,17,5,,
KS,15,45,DOUGLAS,,17,5,,
KS,15,47,EDWARDS,,17,5,,
KS,15,49,ELK,,17,5,,
KS,15,51,ELLIS,,17,5,,
KS,15,53,ELLSWORTH,,17,5,,
KS,15,55,FINNEY,,17,5,,
KS,15,57,FORD,,17,5,,
KS,15,59,FRANKLIN,,17,5,,
KS,15,61,GEARY,,17,5,,
KS,15,63,GOVE,,17,5,,
KS,15,65,GRAHAM,,17,5,,
KS,15,67,GRANT,,17,5,,
KS,15,69,GRAY,,17,5,,
KS,15,71,GREELEY,,17,5,,
KS,15,73,GREENWOOD,,17,5,,
KS,15,75,HAMILTON,,17,5,,
KS,15,77,HARPER,,17,5,,
KS,15,79,HARVEY,,17,5,,
KS,15,81,HASKELL,,17,5,,
KS,15,83,HODGEMAN,,17,5,,
KS,15,85,JACKSON,,17,5,,
KS,15,87,JEFFERSON,,17,5,,
KS,15,89,JEWELL,,17,5,,
KS,15,91,JOHNSON,,17,5,,
KS,15,93,KEARNY,,17,5,,
KS,15,95,KINGMAN,,17,5,,
KS,15,97,KIOWA,,17,5,,
KS,15,99,LABETIE,,17,5,,
KS,15,101,LANE,,17,5,,
KS,15,103,LEAVENWORTH,,17,5,,
KS,15,105,LINCOLN,,17,5,,
KS,15,107,LINN,,17,5,,
KS,15,109,LOGAN,,17,5,,
KS,15,111,LYON,,17,5,,
KS,15,113,MCPHERSON,,17,5,,
KS,15,115,MARION,,17,5,,
KS,15,117,MARSHALL,,17,5,,
KS,15,119,MEADE,,17,5,,
KS,15,121,MIAMI,,17,5,,
KS,15,123,MITCHELL,,17,5,,
KS,15,125,MONTGOMERY,,17,5,,
KS,15,127,MORRIS,,17,5,,
KS,15,129,MORTON,,17,5,,
KS,15,131,NEMAHA,,17,5,,
KS,15,133,NEOSHO,,17,5,,
KS,15,135,NESS,,17,5,,
KS,15,137,NORTON,,17,5,,
KS,15,139,OSAGE,,17,5,,
KS,15,141,OSBORNE,,17,5,,
KS,15,143,OTTAWA,,17,5,,
KS,15,145,PAWNEE,,17,5,,
KS,15,147,PHILLIPS,,17,5,,
KS,15,149,POTTAWATOMIE,,17,5,,
KS,15,151,PRATT,,17,5,,
KS,15,153,RAWLINS,,17,5,,
KS,15,155,RENO,,17,5,,
KS,15,157,REPUBLIC,,17,5,,
KS,15,159,RICE,,17,5,,
KS,15,161,RILEY,,17,5,,
KS,15,163,ROOKS,,17,5,,
KS,15,165,RUSH,,17,5,,
KS,15,167,RUSSELL,,17,5,,
KS,15,169,SALINE,,17,5,,
KS,15,171,SCOTT,,17,5,,
KS,15,173,SEDGWICK,,17,5,,
KS,15,175,SEWARD,,17,5,,
KS,15,177,SHAWNEE,,17,5,,
KS,15,179,SHERIDAN,,17,5,,
KS,15,181,SHERMAN,,17,5,,
KS,15,183,SMITH,,17,5,,
KS,15,185,STAFFORD,,17,5,,
KS,15,187,STANTON,,17,5,,
KS,15,189,STEVENS,,17,5,,
KS,15,191,SUMNER,,17,5,,
KS,15,193,THOMAS,,17,5,,
KS,15,195,TREGO,,17,5,,
KS,15,197,WABAUNSEE,,17,5,,
KS,15,199,WALLACE,,17,5,,
KS,15,201,WASHINGTON,,17,5,,
KS,15,203,WICHITA,,17,5,,
KS,15,205,WILSON,,17,5,,
KS,15,207,WOODSON,,17,5,,
KS,15,209,WYANDOTIE,,17,5,,
KE,16,1,ADAIR,,9,2,,
KE,16,3,ALLEN,,9,2,,
KE,16,5,ANDERSON,,9,2,,
KE,16,7,BALLARD,,9,2,,
KE,16,9,BARREN,,9,2,,
KE,16,11,BATH,,9,2,,
KE,16,13,BELL,,9,2,,
KE,16,15,BOONE,,9,2,,
KE,16,17,BOURBON,,9,2,,
KE,16,19,BOYD,,9,2,,
KE,16,21,BOYLE,,9,2,,
KE,16,23,BRACKEN,,9,2,,
KE,16,25,BREATHITI,,9,2,,
KE,16,27,BRECKINRIDGE,,9,2,,
KE,16,29,BULLITI,,9,2,,
KE,16,31,BUTLER,,9,2,,
KE,16,33,CALDWELL,,9,2,,
KE,16,35,CALLOWAY,,9,2,,
KE,16,37,CAMPBELL,,9,2,,
KE,16,39,CARLISLE,,9,2,,
KE,16,41,CARROLL,,9,2,,
KE,16,43,CARTER,,9,2,,
KE,16,45,CASEY,,9,2,,
KE,16,47,CHRISTIAN,,9,2,,
KE,16,49,CLARK,,9,2,,
KE,16,51,CLAY,,9,2,,
KE,16,53,CLINTON,,9,2,,
KE,16,55,CRITTENDEN,,9,2,,
KE,16,57,CUMBERLAND,,9,2,,
KE,16,59,DAVIESS,,25,3,,
KE,16,61,EDMONSON,,9,2,,
KE,16,63,ELLIOTI,,9,2,,
KE,16,65,ESTILL,,9,2,,
KE,16,67,FAYETTE,,9,2,,
KE,16,69,FLEMING,,9,2,,
KE,16,71,FLOYD,,9,2,,
KE,16,73,FRANKLIN,,9,2,,
KE,16,75,FULTON,,9,2,,
KE,16,77,GALLATIN,,9,2,,
KE,16,79,GARRARD,,9,2,,
KE,16,81,GRANT,,9,2,,
KE,16,83,GRAVES,,9,2,,
KE,16,85,GRAYSON,,9,2,,
KE,16,87,GREEN,,9,2,,
KE,16,89,GREENUP,,9,2,,
KE,16,91,HANCOCK,,9,2,,
KE,16,93,HARDIN,,9,2,,
KE,16,95,HARLAN,,9,2,,
KE,16,97,HARRISON,,9,2,,
KE,16,99,HART,,9,2,,
KE,16,101,HENDERSON,,25,3,,
KE,16,103,HENRY,,9,2,,
KE,16,105,HICKMAN,,9,2,,
KE,16,107,HOPKINS,,9,2,,
KE,16,109,JACKSON,,9,2,,
KE,16,111,JEFFERSON,,9,2,,
KE,16,113,JESSAMINE,,9,2,,
KE,16,115,JOHNSON,,9,2,,
KE,16,117,KENTON,,9,2,,
KE,16,119,KNOTT,,9,2,,
KE,16,121,KNOX,,9,2,,
KE,16,123,LARUE,,9,2,,
KE,16,125,LAUREL,,9,2,,
KE,16,127,LAWRENCE,,9,2,,
KE,16,129,LEE,,9,2,,
KE,16,131,LESLIE,,9,2,,
KE,16,133,LETCHER,,9,2,,
KE,16,135,LEWIS,,9,2,,
KE,16,137,LINCOLN,,9,2,,
KE,16,139,LIVINGSTON,,9,2,,
KE,16,141,LOGAN,,9,2,,
KE,16,143,LYON,,9,2,,
KE,16,145,MCCRACKEN,,9,2,,
KE,16,147,MCCREARY,,9,2,,
KE,16,149,MCLEAN,,9,2,,
KE,16,151,MADISON,,9,2,,
KE,16,153,MAGOFFIN,,9,2,,
KE,16,155,MARION,,9,2,,
KE,16,157,MARSHALL,,9,2,,
KE,16,159,MARTIN,,9,2,,
KE,16,161,MASON,,9,2,,
KE,16,163,MEADE,,9,2,,
KE,16,165,MENIFEE,,9,2,,
KE,16,167,MERCER,,9,2,,
KE,16,169,METCALFE Â·,,9,2,,
KE,16,171,MONROE,,9,2,,
KE,16,173,MONTGOMERY,,9,2,,
KE,16,175,MORGAN,,9,2,,
KE,16,177,MUHLENBERG,,9,2,,
KE,16,179,NELSON,,9,2,,
KE,16,181,NICHOLAS,,9,2,,
KE,16,183,OHIO,,9,2,,
KE,16,185,OLDHAM,,9,2,,
KE,16,187,OWEN,,9,2,,
KE,16,189,OWSLEY,,9,2,,
KE,16,191,PENDLETON,,9,2,,
KE,16,193,PERRY,,9,2,,
KE,16,195,PIKE,,9,2,,
KE,16,197,POWELL,,9,2,,
KE,16,199,PULASKI,,9,2,,
KE,16,201,ROBERTSON,,9,2,,
KE,16,203,ROCKCASTLE,,9,2,,
KE,16,205,ROWAN,,9,2,,
KE,16,207,RUSSELL,,9,2,,
KE,16,209,SCOTT,,9,2,,
KE,16,211,SHELBY,,9,2,,
KE,16,213,SIMPSON,,9,2,,
KE,16,215,SPENCER,,9,2,,
KE,16,217,TAYLOR,,9,2,,
KE,16,219,TODD,,9,2,,
KE,16,221,TRIGG,,9,2,,
KE,16,223,TRIMBLE,,9,2,,
KE,16,225,UNION,,9,2,,
KE,16,227,WARREN,,9,2,,
KE,16,229,WASHINGTON,,9,2,,
KE,16,231,WAYNE,,9,2,,
KE,16,233,WEBSTER,,9,2,,
KE,16,235,WHITNEY,,9,2,,
KE,16,237,WOLFE,,9,2,,
KE,16,239,WOODFORD,,9,2,,
LA,17,1,ACADIA,,15,4,,
LA,17,3,ALLEN,,15,4,,
LA,17,5,ASCENSION,,15,4,,
LA,17,7,ASSUMPTION,,15,4,,
LA,17,9,AVOYELLES,,15,4,,
LA,17,11,BEAUREGARD,,15,4,,
LA,17,13,BIENVILLE,,15,4,,
LA,17,15,BOSSIER,,15,4,,
LA,17,17,CADDO,,15,4,,
LA,17,19,CALCASIEU,,15,4,,
LA,17,21,CALDWELL,,15,4,,
LA,17,23,CAMERON,,15,4,,
LA,17,25,CATAHOULA,,15,4,,
LA,17,27,CLAIRBORNE,,15,4,,
LA,17,29,CONCORDIA,,15,4,,
LA,17,31,DESOTO,,15,4,,
LA,17,33,EAST BATON ROUGE,,15,4,,
LA,17,35,EAST CARROLL,,15,4,,
LA,17,37,EAST FELICIANA,,15,4,,
LA,17,39,EVANGELINE,,15,4,,
LA,17,41,FRANKLIN,,15,4,,
LA,17,43,GRANT,,15,4,,
LA,17,45,IBERIA,,15,4,,
LA,17,47,IBERVILLE,,15,4,,
LA,17,49,JACKSON,,15,4,,
LA,17,51,JEFFERSON,,15,4,,
LA,17,53,JEFFERSON DAVIS,,15,4,,
LA,17,55,LAFAYETTE,,15,4,,
LA,17,57,LAFOURCHE,,15,4,,
LA,17,59,LASALLE,,15,4,,
LA,17,61,LINCOLN,,15,4,,
LA,17,63,LIVINGSTON,,15,4,,
LA,17,65,MADISON,,15,4,,
LA,17,67,MOREHOUSE,,15,4,,
LA,17,69,NATCHITOCHES,,15,4,,
LA,17,71,ORLEANS,,15,4,,
LA,17,73,OUACHITA,,15,4,,
LA,17,75,PLAQUE MINES,,15,4,,
LA,17,77,POINTE COUPEE,,15,4,,
LA,17,79,RAPIDES,,15,4,,
LA,17,81,RED RIVER,,15,4,,
LA,17,83,RICHLAND,,15,4,,
LA,17,85,SABINE,,15,4,,
LA,17,87,ST BERNARD,,15,4,,
LA,17,89,ST CHARLES,,15,4,,
LA,17,91,ST HELENA,,15,4,,
LA,17,93,ST JAMES,,15,4,,
LA,17,95,ST JOHN THE BAPTIST,,15,4,,
LA,17,97,ST LANDRY,,15,4,,
LA,17,99,ST MARTIN,,15,4,,
LA,17,101,STMARY,,15,4,,
LA,17,103,ST TAMMANY,,15,4,,
LA,17,105,TANGIPAHOA,,15,4,,
LA,17,107,TENSAS,,15,4,,
LA,17,109,TERREBONNE,,15,4,,
LA,17,111,UNION,,15,4,,
LA,17,113,VERMILION,,15,4,,
LA,17,115,VERNON,,15,4,,
LA,17,117,WASHINGTON,,15,4,,
LA,17,119,WEBSTER,,15,4,,
LA,17,121,WEST BATON ROUGE,,15,4,,
LA,17,123,WEST CARROLL,,15,4,,
LA,17,125,WEST FELICIANA,,15,4,,
LA,17,127,WINN,,15,4,,
ME,18,1,ANDROSCOGGIN,,1,1,,
ME,18,3,AROOSTOOK,,1,1,,
ME,18,5,CUMBERLAND,,1,1,,
ME,18,7,FRANKLIN,,1,1,,
ME,18,9,HANCOCK,,1,1,,
ME,18,11,KENNEBEC,,1,1,,
ME,18,13,KNOX,,1,1,,
ME,18,15,LINCOLN,,1,1,,
ME,18,17,OXFORD,,1,1,,
ME,18,19,PENOBSCOT,,1,1,,
ME,18,21,PISCATAlOUIS,,1,1,,
ME,18,23,SAGADAHOC,,1,1,,
ME,18,25,SOMERSET,,1,1,,
ME,18,27,WALDO,,1,1,,
ME,18,29,WASHINGTON,,1,1,,
ME,18,31,YORK,,1,1,,
MD,19,1,ALLEGANY,,5,4,,
MD,19,3,ANNE ARUNDEL,,5,4,,
MD,19,5,BALTIMORE,,5,4,,
MD,19,9,CALVERT,,5,4,,
MD,19,11,CAROLINE,,5,4,,
MD,19,13,CARROLL,,5,4,,
MD,19,15,CECIL,,5,4,,
MD,19,17,CHARLES,D,5,4,WASHINGTON DC,
MD,19,19,DORCHESTER,,5,4,,
MD,19,21,FREDERICK,,5,4,,
MD,19,23,GARRETT,,5,4,,
MD,19,25,HARFORD,,5,4,,
MD,19,27,HOWARD,,5,4,,
MD,19,29,KENT,,5,4,,
MD,19,31,MONTGOMERY,D,5,4,WASHINGTON DC,
MD,19,33,PRINCE GEORGES,D,5,4,WASHINGTON DC,
MD,19,35,QUEEN ANNES,,5,4,,
MD,19,37,ST MARYS,,5,4,,
MD,19,39,SOMERSET,,5,4,,
MD,19,41,TALBOT,,5,4,,
MD,19,43,WASHINGTON,,5,4,,
MD,19,45,WICOMICO,,5,4,,
MD,19,47,WORCESTER,,5,4,,
MD,19,510,BALTIMORE,,5,4,,
MA,20,1,BARNSTABLE,,1,1,,
MA,20,3,BERKSHIRE,,1,1,,
MA,20,5,BRISTOL,,1,1,,
MA,20,7,DUKES,,1,1,,
MA,20,9,ESSEX,,1,1,,
MA,20,11,FRANKLIN,,1,1,,
MA,20,13,HAMPDEN,,1,1,,
MA,20,15,HAMPSHIRE,,1,1,,
MA,20,17,MIDDLESEX,,1,1,,
MA,20,19,NANTUCKET,,1,1,,
MA,20,21,NORFOLK,,1,1,,
MA,20,23,PLYMOUTH,,1,1,,
MA,20,25,SUFFLOK,,1,1,,
MA,20,27,WORCESTER,,1,1,,
MI,21,1,ALCONA,,7,2,,
MI,21,3,ALGER,,30,3,,
MI,21,5,ALLEGAN,G,7,2,GRAND RAPIDS,
MI,21,7,ALPENA,,7,2,,
MI,21,9,ANTRIM,G,7,2,GRAND RAPIDS,
MI,21,11,ARENAC,,7,2,,
MI,21,13,BARAGA,,30,3,,
MI,21,15,BARRY,G,7,2,GRAND RAPIDS,
MI,21,17,BAY,,7,2,,
MI,21,19,BENZIE,G,7,2,GRAND RAPIDS,
MI,21,21,BERRIEN,G,7,2,GRAND RAPIDS,
MI,21,23,BRANCH,,7,2,,
MI,21,25,CALHOUN,,7,2,,
MI,21,27,CASS,G,7,2,GRAND RAPIDS,
MI,21,29,CHARLEVOIX,,7,2,,
MI,21,,,,,,,
MI,21,31,CHEBOYGAN,,7,2,,
MI,21,,,,,,,
MI,21,33,ChlPPEWA,,30,3,,
MI,21,35,CLARE,G,7,2,GRAND RAPIDS,
MI,21,37,CLINTON,,7,2,,
MI,21,39,CRAWFORD,,7,2,,
MI,21,41,DELTA,,30,3,,
MI,21,43,DICKINSON,,30,3,,
MI,21,45,EATON,,7,2,,
MI,21,47,EMMET,,7,2,,
MI,21,49,GENESEE,,7,2,,
MI,21,51,GLADWIN,,7,2,,
MI,21,53,GOGEBIC,,30,3,,
MI,21,55,GRAND TRAVERSE,G,7,2,GRAND RAPIDS,
MI,21,57,GRATIOT,,7,2,,
MI,21,59,HILLSDALE,,7,2,,
MI,21,61,HOUGHTON,,30,3,,
MI,21,63,HURON,,7,2,,
MI,21,65,INGHAM,,7,2,,
MI,21,67,IONIA,G,7,2,GRAND RAPIDS,
MI,21,69,IOSCO,,7,2,,
MI,21,71,IRON,,30,3,,
MI,21,73,ISABELLA,G,7,2,GRAND RAPIDS,
MI,21,75,JACKSON,,7,2,,
MI,21,77,KALAMAZOO,G,7,2,GRAND RAPIDS,
MI,21,79,KALKASKA,G,7,2,GRAND RAPIDS,
MI,21,81,KENT,G,7,2,GRAND RAPIDS,
MI,21,83,KEWEENAW,,30,3,,
MI,21,85,LAKE,G,7,2,GRAND RAPIDS,
MI,21,87,LAPEER,,7,2,,
MI,21,89,LEELANAU,G,7,2,GRAND RAPIDS,
MI,21,91,LENAWEE,,7,2,,
MI,21,93,LIVINGSTON,,7,2,,
MI,21,95,LUCE,,30,3,,
MI,21,97,MACKINAC,,30,3,,
MI,21,99,MACOMB,,7,2,,
MI,21,101,MANISTEE,G,7,2,GRAND RAPIDS,
MI,21,103,MARQUETTE,,30,3,,
MI,21,105,MASON,G,7,2,GRAND RAPIDS,
MI,21,107,MECOSTA,G,7,2,GRAND RAPIDS,
MI,21,109,MENOMINEE,,30,3,,
MI,21,111,MIDLAND,,7,2,,
MI,21,113,MISSAUKEE,G,7,2,GRAND RAPIDS,
MI,21,115,MONROE,,7,2,,
MI,21,117,MONTCALM,G,7,2,GRAND RAPIDS,
MI,21,119,MONTMORENCY,,7,2,,
MI,21,121,MUSKEGON,G,7,2,GRAND RAPIDS,
MI,21,123,NEWAYG,G,7,2,GRAND RAPIDS,
MI,21,125,OAKLAND,,7,2,,
MI,21,127,OCEANA,G,7,2,GRAND RAPIDS,
MI,21,129,OGEMAW,,7,2,,
MI,21,131,ONTONAGON,,30,3,,
MI,21,133,OSCEOLA,G,7,2,GRAND RAPIDS,
MI,21,135,OSCODA,,7,2,,
MI,21,137,OTSEGO,,7,2,,
MI,21,139,OTTAWA,G,7,2,GRAND RAPIDS,
MI,21,141,PRESQUE ISLE,,7,2,,
MI,21,143,ROSCOMMON,,7,2,,
MI,21,145,SAGINAW,,7,2,,
MI,21,147,ST CLAIR,,7,2,,
MI,21,149,ST JOSEPH,G,7,2,GRAND RAPIDS,
MI,21,151,SANILAC,,7,2,,
MI,21,153,SCHOOLCRAFT,,30,3,,
MI,21,155,SHIAWASSEE,,7,2,,
MI,21,157,TUSCOLA,,7,2,,
MI,21,159,VAN BUREN,G,7,2,GRAND RAPIDS,
MI,21,161,WASHTENAW,,7,2,,
MI,21,163,WAYNE,,7,2,,
MI,21,165,WEXFORD,G,7,2,GRAND RAPIDS,
MN,22,1,AITKIN,,18,5,,
MN,22,3,ANOKA,,18,5,,
MN,22,5,BECKER,,18,5,,
MN,22,7,BELTRAMI,,18,5,,
MN,22,9,BENTON,,18,5,,
MN,22,11,BIG STONE,,18,5,,
MN,22,13,BLUE EARTH,,18,5,,
MN,22,15,BROWN,,18,5,,
MN,22,17,CARLTON,,18,5,,
MN,22,19,CARVER,,18,5,,
MN,22,21,CASS,,18,5,,
MN,22,23,CHIPPEWA,,18,5,,
MN,22,25,CHISAGO,,18,5,,
MN,22,27,CALY,,18,5,,
MN,22,29,CLEARWATER,,18,5,,
MN,22,31,COOK,,18,5,,
MN,22,33,COTTONWOOD,,18,5,,
MN,22,35,CROW WING,,18,5,,
MN,22,37,DAKOTA,,18,5,,
MN,22,39,DODGE,,18,5,,
MN,22,41,DOUGLAS,,18,5,,
MN,22,43,FARIBAULT,,18,5,,
MN,22,45,FILLMORE,,18,5,,
MN,22,47,FREEBORN,,18,5,,
MN,22,49,GOODHUE,,18,5,,
MN,22,51,GRANT,,18,5,,
MN,22,53,HENNEPIN,,18,5,,
MN,22,55,HOUSTON,,18,5,,
MN,22,57,HUBBARD,,18,5,,
MN,22,59,ISANTI,,18,5,,
MN,22,61,ITASCA,,18,5,,
MN,22,63,JACKSON,,18,5,,
MN,22,65,KANABEC,,18,5,,
MN,22,67,KANDIYOHI,,18,5,,
MN,22,69,KITTSON,,18,5,,
MN,22,71,KOOCHICHING,,18,5,,
MN,22,73,LAC QUIPARLE,,18,5,,
MN,22,75,LAKE,,18,5,,
MN,22,77,LAKE OF THE WOODS,,18,5,,
MN,22,79,LESEUER,,18,5,,
MN,22,81,LINCOLN,,18,5,,
MN,22,83,LYON,,18,5,,
MN,22,85,MCLEOD,,18,5,,
MN,22,87,MAHNOMEN,,18,5,,
MN,22,89,MARSHALL,,18,5,,
MN,22,91,MARTIN,,18,5,,
MN,22,93,MEEKER,,18,5,,
MN,22,95,MILLE LACS,,18,5,,
MN,22,97,MORRISON,,18,5,,
MN,22,99,MOWER,,18,5,,
MN,22,101,MURRAY,,18,5,,
MN,22,103,NICOLLET,,18,5,,
MN,22,105,NOBLES,,18,5,,
MN,22,107,NORMAN,,18,5,,
MN,22,109,OLMSTED,,18,5,,
MN,22,111,OTTER TAIL,,18,5,,
MN,22,113,PENNINGTON,,18,5,,
MN,22,115,PINE,,18,5,,
MN,22,117,PIPESTONE,,18,5,,
MN,22,119,POLK,,18,5,,
MN,22,121,POPE,,18,5,,
MN,22,123,RAMSEY,,18,5,,
MN,22,125,RED LAKE,,18,5,,
MN,22,127,REDWOOD,,18,5,,
MN,22,129,RENVILL,,18,5,,
MN,22,131,RICE,,18,5,,
MN,22,133,ROCK,,18,5,,
MN,22,135,ROSEAU,,18,5,,
MN,22,137,ST LOUIS,,18,5,,
MN,22,139,SCOTT,,18,5,,
MN,22,141,SHERBURNE,,18,5,,
MN,22,143,SIBLEY,,18,5,,
MN,22,145,STEARNS,,18,5,,
MN,22,147,STEELE,,18,5,,
MN,22,149,STEVENS,,18,5,,
MN,22,151,SWIFT,,18,5,,
MN,22,153,TODD,,18,5,,
MN,22,155,TRAVERSE,,18,5,,
MN,22,157,WABASH,,18,5,,
MN,22,159,WADENA,,18,5,,
MN,22,161,WASECA,,18,5,,
MN,22,163,WASHINGTON,,18,5,,
MN,22,165,WATONWAN,,18,5,,
MN,22,167,WILKIN,,18,5,,
MN,22,169,WINONA,,18,5,,
MN,22,171,WRIGHT,,18,5,,
MN,22,173,YELLOW MEDICINE,,18,5,,
MS,23,1,ADAMS,,15,4,,
MS,23,3,ALCORN,,26,4,,
MS,23,5,AMITE,,15,4,,
MS,23,7,ATIALA,,26,4,,
MS,23,9,BENTON,,26,4,,
MS,23,11,BOLIVAR,,26,4,,
MS,23,13,CALOUN,,26,4,,
MS,23,15,CARROLL,,26,4,,
MS,23,17,CHICKASAW,,26,4,,
MS,23,19,CHOCTAW,,26,4,,
MS,23,21,CLAIBORNE,,15,4,,
MS,23,23,CLARKE,,15,4,,
MS,23,25,CLAY,,26,4,,
MS,23,27,COAHDMA,,26,4,,
MS,23,29,COPIAH,,15,4,,
MS,23,31,COVINGTON,,15,4,,
MS,23,33,DESOTO,,26,4,,
MS,23,35,FORREST,,15,4,,
MS,23,37,FRANKLIN,,15,4,,
MS,23,39,GEORGE,,15,4,,
MS,23,41,GREEN,,15,4,,
MS,23,43,GRENADA,,26,4,,
MS,23,45,HANCOCK,,15,4,,
MS,23,47,HARRISON,,15,4,,
MS,23,49,HINDS,,15,4,,
MS,23,51,HOLMES,,26,4,,
MS,23,53,HUMPHREYS,,26,4,,
MS,23,55,ISSAQUENA,,15,4,,
MS,23,57,ITAWAMBA,,26,4,,
MS,23,59,JACKSON,,15,4,,
MS,23,65,JEFFERSON DAVIS,,15,4,,
MS,23,67,JONES,,15,4,,
MS,23,69,KEKMPER,,15,4,,
MS,23,71,LAFAYETTE,,26,4,,
MS,23,73,LAMAR,,15,4,,
MS,23,75,LAUDERDALE,,15,4,,
MS,23,77,LAWRENCE,,15,4,,
MS,23,79,LEAKE,,15,4,,
MS,23,81,LEE,,26,4,,
MS,23,83,LEFLORE,,26,4,,
MS,23,85,LINCOLN,,15,4,,
MS,23,87,LOWNDES,,26,4,,
MS,23,89,MADISON,,15,4,,
MS,23,91,MARION,,15,4,,
MS,23,93,MARSHALL,,26,4,,
MS,23,95,MONROE,,26,4,,
MS,23,97,MONTGOMERY,,26,4,,
MS,23,99,NESHOBA,,15,4,,
MS,23,101,NEWTON,,15,4,,
MS,23,103,NOXUBEE,,26,4,,
MS,23,105,OKTIBBEHA,,26,4,,
MS,23,107,PANOLA,,26,4,,
MS,23,109,PEARL RIVER,,15,4,,
MS,23,111,PERRY,,15,4,,
MS,23,113,PIKE,,15,4,,
MS,23,115,PONTOTOC,,26,4,,
MS,23,117,PRENTISS,,26,4,,
MS,23,119,QUITMAN,,26,4,,
MS,23,121,RANKIN,,15,4,,
MS,23,123,SCOTT,,15,4,,
MS,23,125,SHARKEY,,15,4,,
MS,23,127,SIMPSON,,15,4,,
MS,23,129,SMITH,,15,4,,
MS,23,131,STONE,,15,4,,
MS,23,133,SUNFLOWER,,26,4,,
MS,23,135,TALLAHATCHIE,,26,4,,
MS,23,137,TATE,,26,4,,
MS,23,139,TIPPAH,,26,4,,
MS,23,141,TISHOMINGO,,26,4,,
MS,23,143,TUNICA,,26,4,,
MS,23,145,UNION,,26,4,,
MS,23,147,WALTHALL,,15,4,,
MS,23,149,WARREN,,15,4,,
MS,23,151,WASHINGTON,,26,4,,
MS,23,153,WAYNE,,15,4,,
MS,23,155,WEBSTER,,26,4,,
MS,23,157,WILKINSON,,15,4,,
MS,23,159,WINSTON,,26,4,,
MS,23,161,YALOBUSHA,,26,4,,
MS,23,163,YAZOO,,15,4,,
MO,24,1,ADAIR,,17,5,,
MO,24,3,ANDREW,,17,5,,
MO,24,5,ATCHISON,,17,5,,
MO,24,7,AUDRAIN,,14,3,,
MO,24,9,BARRY,,17,5,,
MO,24,11,BARTON,,17,5,,
MO,24,13,BATES,,17,5,,
MO,24,15,BENTON,,17,5,,
MO,24,17,BOLLINGER,,14,3,,
MO,24,19,BOONE,,17,5,,
MO,24,21,BUCHANAN,,17,5,,
MO,24,23,BUTLER,,14,3,,
MO,24,25,CALDWELL,,17,5,,
MO,24,27,CALLAWAY,,14,3,,
MO,24,29,CAMDEN,,17,5,,
MO,24,31,CAPE GIRARDEAU,,14,3,,
MO,24,33,CARROLL,,17,5,,
MO,24,35,CARTER,,14,3,,
MO,24,37,CASS,,17,5,,
MO,24,39,CEDAR,,17,5,,
MO,24,41,CHARITON,,17,5,,
MO,24,43,CHRISTIAN,,17,5,,
MO,24,45,CLARK,,14,3,,
MO,24,47,CLAY,,17,5,,
MO,24,49,CLINTON,,17,5,,
MO,24,51,COLE,,17,5,,
MO,24,53,COOPER,,17,5,,
MO,24,55,CRAWFORD,,14,3,,
MO,24,57,DADE,,17,5,,
MO,24,59,DALLAS,,17,5,,
MO,24,61,DAVIESS,,17,5,,
MO,24,63,DEKALB,,17,5,,
MO,24,65,DENT,,14,3,,
MO,24,67,DOUGLAS,,17,5,,
MO,24,69,DUNKLIN,,14,3,,
MO,24,71,FRANKLIN,,14,3,,
MO,24,73,GASCONADE,,14,3,,
MO,24,75,GENTRY,,17,5,,
MO,24,77,GREENE,,17,5,,
MO,24,79,GRUNDY,,17,5,,
MO,24,81,HARRISON,,17,5,,
MO,24,83,HENRY,,17,5,,
MO,24,85,HICKORY,,17,5,,
MO,24,87,HOLT,,17,5,,
MO,24,89,HOWARD,,17,5,,
MO,24,91,HOWELL,,17,5,,
MO,24,93,IRON,,14,3,,
MO,24,95,JACKSON,,17,5,,
MO,24,97,JASPER,,17,5,,
MO,24,99,JEFFERSON,,14,3,,
MO,24,101,JOHNSON,,17,5,,
MO,24,103,KNOX,,14,3,,
MO,24,105,LACLEDE,,17,5,,
MO,24,107,LAFAYETTE,,17,5,,
MO,24,109,LAWRENCE,,17,5,,
MO,24,111,LEWIS,,14,3,,
MO,24,113,LINCOLN,,14,3,,
MO,24,115,LINN,,17,5,,
MO,24,117,LIVINGSTON,,17,5,,
MO,24,119,MCDONALD,,17,5,,
MO,24,121,MACON,,17,5,,
MO,24,123,MADISON,,14,3,,
MO,24,125,MARlES,,14,3,,
MO,24,127,MARlON,,14,3,,
MO,24,129,MERCER,,17,5,,
MO,24,131,MILLER,,17,5,,
MO,24,133,MISSISSIPPI,,14,3,,
MO,24,135,MONlTEAU,,17,5,,
MO,24,137,MONROE,,14,3,,
MO,24,139,MONTGOMERY,,14,3,,
MO,24,141,MORGAN,,17,5,,
MO,24,143,NEW MADRID,,14,3,,
MO,24,145,NEWTON,,17,5,,
MO,24,147,NODAWAY,,17,5,,
MO,24,149,OREGON,,14,3,,
MO,24,151,OSAGE,,14,3,,
MO,24,153,OZARK,,17,5,,
MO,24,155,PEMISCOT,,14,3,,
MO,24,157,PERRY,,14,3,,
MO,24,159,PETTIS,,17,5,,
MO,24,161,PHELPS,,14,3,,
MO,24,163,PIKE,,14,3,,
MO,24,165,PLATTE,,17,5,,
MO,24,167,POLK,,17,5,,
MO,24,169,PULASKI,,17,5,,
MO,24,171,PUTNAM,,17,5,,
MO,24,173,RALLS,,14,3,,
MO,24,175,RANDOLPH,,17,5,,
MO,24,177,RAY,,17,5,,
MO,24,179,REYNOLDS,,14,3,,
MO,24,181,RIPLEY,,14,3,,
MO,24,183,ST CHARLES,,14,3,,
MO,24,185,ST CLAIR,,17,5,,
MO,24,187,ST FRANCOIS,,14,3,,
MO,24,189,ST LOUIS,,14,3,,
MO,24,193,STE GENEVIEVE,,14,3,,
MO,24,195,SALINE,,17,5,,
MO,24,197,SCHUYLER,,17,5,,
MO,24,199,SCOTLAND,,14,3,,
MO,24,201,SCOTT,,14,3,,
MO,24,203,SHANNON,,14,3,,
MO,24,205,SHELBY,,14,3,,
MO,24,207,STODDARD,,14,3,,
MO,24,209,STONE,,17,5,,
MO,24,211,SULLIVAN,,17,5,,
MO,24,213,TANEY,,17,5,,
MO,24,215,TEXAS,,17,5,,
MO,24,217,VERNON,,17,5,,
MO,24,219,WARREN,,14,3,,
MO,24,221,WASHINGTON,,14,3,,
MO,24,223,WAYNE,,14,3,,
MO,24,225,WEBSTER,,17,5,,
MO,24,227,WORTH,,17,5,,
MO,24,229,WRIGHT,,17,5,,
MO,24,510,ST LOUIS,,14,3,,
MT,25,1,BEAVERHEAD,,19,6,,
MT,25,3,BIG HORN,,19,6,,
MT,25,5,BLAINE,,19,6,,
MT,25,7,BROADWATER,,19,6,,
MT,25,9,CARBON,,19,6,,
MT,25,11,CARTER,,19,6,,
MT,25,13,CASCADE,,19,6,,
MT,25,15,CHOUTEAU,,19,6,,
MT,25,17,CUSTER,,19,6,,
MT,25,19,DANIELS,,19,6,,
MT,25,21,DAWSON,,19,6,,
MT,25,23,DEER LODGE,,19,6,,
MT,25,25,FALLON,,19,6,,
MT,25,27,FERGUS,,19,6,,
MT,25,29,FLATHEAD,,19,6,,
MT,25,31,GALLATIN,,19,6,,
MT,25,33,GARFIELD,,19,6,,
MT,25,35,GLACIER,,19,6,,
MT,25,37,GOLDEN VALLEY,,19,6,,
MT,25,39,GRANITE,,19,6,,
MT,25,41,HILL,,19,6,,
MT,25,43,JEFFERSON,,19,6,,
MT,25,45,JUDITH BASIN,,19,6,,
MT,25,47,LAKE,,19,6,,
MT,25,49,LEWIS AND CLARK,,19,6,,
MT,25,51,LIBERTY,,19,6,,
MT,25,53,LINCOLN,,19,6,,
MT,25,55,MCCONE,,19,6,,
MT,25,57,MADISON,,19,6,,
MT,25,59,MEAGHER,,19,6,,
MT,25,61,MINERAL,,19,6,,
MT,25,63,MISSOULA,,19,6,,
MT,25,65,MUSSELS HELL,,19,6,,
MT,25,67,PARK,,19,6,,
MT,25,69,PETROLEUM,,19,6,,
MT,25,71,PHILLIPS,,19,6,,
MT,25,73,PONDERA,,19,6,,
MT,25,75,POWDER RIVER,,19,6,,
MT,25,77,POWELL,,19,6,,
MT,25,79,PRAIRIE,,19,6,,
MT,25,81,RAVALLI,,19,6,,
MT,25,83,RICHLAND,,19,6,,
MT,25,85,ROOSEVELT,,19,6,,
MT,25,87,ROSEBUD,,19,6,,
MT,25,89,SANDERS,,19,6,,
MT,25,91,SHERIDAN,,19,6,,
MT,25,93,SILVER BOW,,19,6,,
MT,25,95,STILLWATER,,19,6,,
MT,25,97,SWEET GRASS,,19,6,,
MT,25,99,TETON,,19,6,,
MT,25,101,TOOLE,,19,6,,
MT,25,103,TREASURE,,19,6,,
MT,25,105,VALLEY,,19,6,,
MT,25,107,WHEATLAND,,19,6,,
MT,25,109,WIBAUX,,19,6,,
MT,25,111,YELLOWSTONE,,19,6,,
NE,26,1,ADAMS,,17,5,,
NE,26,3,ANTELOPE,,17,5,,
NE,26,5,ARTHUR,,17,5,,
NE,26,7,BANNER,,17,5,,
NE,26,9,BLAINE,,17,5,,
NE,26,11,BOONE,,17,5,,
NE,26,13,BOX BUTTE,,17,5,,
NE,26,15,BOYD,,17,5,,
NE,26,17,BROWN,,17,5,,
NE,26,19,BUFFALO,,17,5,,
NE,26,21,BURT,,17,5,,
NE,26,23,BUTLER,,17,5,,
NE,26,25,CASS,,17,5,,
NE,26,27,CEDAR,,17,5,,
NE,26,29,CHASE,,17,5,,
NE,26,31,CHERRY,,17,5,,
NE,26,33,CHEYENNE,,17,5,,
NE,26,35,CLAY,,17,5,,
NE,26,37,COLFAX,,17,5,,
NE,26,39,CUMlNG,,17,5,,
NE,26,41,CUSTER,,17,5,,
NE,26,43,DAKOTA,,17,5,,
NE,26,45,DAWES,,17,5,,
NE,26,47,DAWSON,,17,5,,
NE,26,49,DEUEL,,17,5,,
NE,26,51,DIXON,,17,5,,
NE,26,53,DODGE,,17,5,,
NE,26,55,DOUGLAS,,17,5,,
NE,26,57,DUNDY,,17,5,,
NE,26,59,FILLMOREL,,17,5,,
NE,26,61,FRANKLIN,,17,5,,
NE,26,63,FRONTIER,,17,5,,
NE,26,65,FURNAS,,17,5,,
NE,26,67,GAGE,,17,5,,
NE,26,69,GARDEN,,17,5,,
NE,26,71,GARFIELD,,17,5,,
NE,26,73,GOSPER,,17,5,,
NE,26,75,GRANT,,17,5,,
NE,26,77,GREELEY,,17,5,,
NE,26,79,HALL,,17,5,,
NE,26,81,HAMILTON,,17,5,,
NE,26,83,HARLAN,,17,5,,
NE,26,85,HAYES,,17,5,,
NE,26,87,HITCHCOCK,,17,5,,
NE,26,89,HOLT,,17,5,,
NE,26,91,HOOKER,,17,5,,
NE,26,93,HOWARD,,17,5,,
NE,26,95,JEFFERSON,,17,5,,
NE,26,97,JOHNSON,,17,5,,
NE,26,99,KEARNEY,,17,5,,
NE,26,101,KEITH,,17,5,,
NE,26,103,KEYAPAHA,,17,5,,
NE,26,105,KIMBALL,,17,5,,
NE,26,107,KNOX,,17,5,,
NE,26,109,LANCASTER,,17,5,,
NE,26,111,LINCOLN,,17,5,,
NE,26,113,LOGAN,,17,5,,
NE,26,115,LOUP,,17,5,,
NE,26,117,MCPHERSON,,17,5,,
NE,26,119,MADISON,,17,5,,
NE,26,121,MERRICK,,17,5,,
NE,26,123,MORRILL,,17,5,,
NE,26,125,NANCE,,17,5,,
NE,26,127,NEMAHA,,17,5,,
NE,26,129,NUCKOLLS,,17,5,,
NE,26,131,OTOE,,17,5,,
NE,26,133,PAWNEE,,17,5,,
NE,26,135,PERKINS,,17,5,,
NE,26,137,PHELPS,,17,5,,
NE,26,139,PIERCE,,17,5,,
NE,26,141,PLATTE,,17,5,,
NE,26,143,POLK,,17,5,,
NE,26,145,RED WILLOW,,17,5,,
NE,26,147,RICHARDSON,,17,5,,
NE,26,149,ROCK,,17,5,,
NE,26,151,SALINE,,17,5,,
NE,26,153,SARPY,,17,5,,
NE,26,155,SAUNDERS,,17,5,,
NE,26,157,SCOTTS BLUFF,,17,5,,
NE,26,159,SEWARD,,17,5,,
NE,26,161,SHERIDAN,,17,5,,
NE,26,163,SHERMAN,,17,5,,
NE,26,165,SIOUX,,17,5,,
NE,26,167,STANTON,,17,5,,
NE,26,169,THAYER,,17,5,,
NE,26,171,THOMAS,,17,5,,
NE,26,173,THURSTON,,17,5,,
NE,26,175,VALLEY,,17,5,,
NE,26,177,WASHINGTON,,17,5,,
NE,26,179,WAYNE,,17,5,,
NE,26,181,WEBSTER,,17,5,,
NE,26,183,WHEELER,,17,5,,
NE,26,185,YORK,,17,5,,
NV,27,1,CHURCHILL,,32,6,,
NV,27,3,CLARK,L,31,6,LAS VEGAS,
NV,27,5,DOUGLAS,,32,6,,
NV,27,7,ELKO,,32,6,,
NV,27,9,ESMERAL,,32,6,,
NV,27,11,EUREKA,,32,6,,
NV,27,13,HUMBOLDT,,32,6,,
NV,27,15,LANDER,,32,6,,
NV,27,17,LINCOLN,L,31,6,LAS VEGAS,
NV,27,19,LYON,,32,6,,
NV,27,21,MINERAL,,32,6,,
NV,27,23,NYE,,31,6,,
NV,27,27,PERSHING,,32,6,,
NV,27,29,STOREY,,32,6,,
NV,27,31,WASHOE,,32,6,,
NV,27,33,WHITE PINE,,32,6,,
NV,27,510,CARSON CITY,,32,6,,
NH,28,1,BELKNAP,,1,1,,
NH,28,3,CARROLL,,1,1,,
NH,28,5,CHESHIRE,,1,1,,
NH,28,7,COOS,,1,1,,
NH,28,9,GRAFTON,,1,1,,
NH,28,11,HILLSBOUGH,,1,1,,
NH,28,13,MERRTMACK,,1,1,,
NH,28,15,ROCKINGHAM,,1,1,,
NH,28,17,STRAFFORD,,1,1,,
NH,28,19,SULLIVAN,,1,1,,
NJ,29,1,ATLANTIC,,4,1,,
NJ,29,3,BERGEN,,22,1,,
NJ,29,5,BURLINGTON,,4,1,,
NJ,29,7,CAMDEN,,4,1,,
NJ,29,9,CAPE MAY,,4,1,,
NJ,29,11,CUMBERLAND,,4,1,,
NJ,29,13,ESSEX,,22,1,,
NJ,29,15,GLOUCESTER,,4,1,,
NJ,29,17,HUDSON,,22,1,,
NJ,29,19,HUNTERDON,,22,1,,
NJ,29,21,MERCER,,22,1,,
NJ,29,23,MIDDLESEX,,22,1,,
NJ,29,25,MONMOUTH,,22,1,,
NJ,29,27,MORRIS,,22,1,,
NJ,29,29,OCEAN,,4,1,,
NJ,29,31,PASSAIC,,22,1,,
NJ,29,33,SALEM,,4,1,,
NJ,29,35,SOMERSET,,22,1,,
NJ,29,37,SUSSEX,,22,1,,
NJ,29,39,UNION,,22,1,,
NJ,29,41,WARREN,,22,1,,
NM,30,1,BERNAILLO,A,28,5,ALBUQUERQUE,
NM,30,3,CATRON,A,28,5,ALBUQUERQUE,
NM,30,5,CHAVES,A,28,5,ALBUQUERQUE,
NM,30,7,COLFAX,A,28,5,ALBUQUERQUE,
NM,30,9,CURRY,A,28,5,ALBUQUERQUE,
NM,30,11,DEBACA,A,28,5,ALBUQUERQUE,
NM,30,13,DONA ANA,E,28,5,EL PASO,
NM,30,15,EDDY,E,28,5,EL PASO,
NM,30,17,GRANT,E,28,5,EL PASO,
NM,30,19,GUADELUPE,A,28,5,ALBUQUERQUE,
NM,30,21,HARDING,A,28,5,ALBUQUERQUE,
NM,30,23,HIDALGO,E,28,5,EL PASO,
NM,30,25,LEA,E,28,5,EL PASO,
NM,30,27,LINCOLN,A,28,5,ALBUQUERQUE,
NM,30,28,LOS ALAMOS,A,28,5,ALBUQUERQUE,
NM,30,29,LUNA,E,28,5,EL PASO,
NM,30,31,MCKINLEY,A,28,5,ALBUQUERQUE,
NM,30,33,MORA,A,28,5,ALBUQUERQUE,
NM,30,35,OTERO,E,28,5,EL PASO,
NM,30,37,QUAY,A,28,5,ALBUQUERQUE,
NM,30,39,RIOARRlBA,A,28,5,ALBUQUERQUE,
NM,30,41,ROOSEVELT,A,28,5,ALBUQUERQUE,
NM,30,43,SANDOVAL,A,28,5,ALBUQUERQUE,
NM,30,45,SANJUAN,A,28,5,ALBUQUERQUE,
NM,30,47,SANMIGUEL,A,28,5,ALBUQUERQUE,
NM,30,49,SANTA FE,A,28,5,ALBUQUERQUE,
NM,30,51,SIERRA,E,28,5,EL PASO,
NM,30,53,SOCORRO,A,28,5,ALBUQUERQUE,
NM,30,55,TAOS,A,28,5,ALBUQUERQUE,
NM,30,57,TORRANCE,A,28,5,ALBUQUERQUE,
NM,30,59,UNION,A,28,5,ALBUQUERQUE,
NM,30,61,VALENCIA,A,28,5,ALBUQUERQUE,
NY,31,1,ALBANY,A,3,2,ALBANY,
NY,31,3,ALLEGANY,,3,2,,
NY,31,5,BRONX,,2,1,,
NY,31,7,BROOME,,3,2,,
NY,31,9,CATIARAUGUS,,3,2,,
NY,31,11,CAYUGA,,3,2,,
NY,31,13,CHAUTAUQUA,,3,2,,
NY,31,15,CHEMUNG,,3,2,,
NY,31,17,CHENANGO,,3,2,,
NY,31,19,CLINTON,A,3,2,ALBANY,
NY,31,21,COLUMBIA,A,3,2,ALBANY,
NY,31,23,CORTLAND,,3,2,,
NY,31,25,DELAWARE,A,3,2,ALBANY,
NY,31,27,DUTCHESS,A,3,2,ALBANY,
NY,31,29,ERIE,,3,2,,
NY,31,31,ESSEX,A,3,2,ALBANY,
NY,31,33,FRANKLIN,,3,2,,
NY,31,35,FULTON,A,3,2,ALBANY,
NY,31,37,GENESEE,,3,2,,
NY,31,39,GREENE,A,3,2,ALBANY,
NY,31,41,HAMILTON,A,3,2,ALBANY,
NY,31,43,HERKlMER,,3,2,,
NY,31,45,JEFFERSON,,3,2,,
NY,31,47,KINGS,,29,1,,
NY,31,49,LEWIS,,3,2,,
NY,31,51,LIVINGSTON,,3,2,,
NY,31,53,MADISON,,3,2,,
NY,31,55,MONROE,,3,2,,
NY,31,57,MONTGOMERY,A,3,2,ALBANY,
NY,31,59,NASSUA,,29,1,,
NY,31,61,NEW YORK,,2,1,,
NY,31,63,NIAGARA,,3,2,,
NY,31,65,ONEIDA,,3,2,,
NY,31,67,ONONDAGA,,3,2,,
NY,31,69,ONTARIO,,3,2,,
NY,31,71,ORANGE,,2,1,,
NY,31,73,ORLEANS,,3,2,,
NY,31,75,OSWEGO,,3,2,,
NY,31,77,OTSEGO,,3,2,,
NY,31,79,PUTNAM,,2,1,,
NY,31,81,QUEENS,,29,1,,
NY,31,83,RENSSELAER,A,3,2,ALBANY,
NY,31,85,RICHMOND,,29,1,,
NY,31,87,ROCKLAND,,2,1,,
NY,31,89,ST LAWRENCE,,3,2,,
NY,31,91,SARATOGA,A,3,2,ALBANY,
NY,31,93,SCHNECTADY,A,3,2,ALBANY,
NY,31,95,SCHOHARIE,A,3,2,ALBANY,
NY,31,97,SCHUYLER,,3,2,,
NY,31,99,SENECA,,3,2,,
NY,31,101,STEUBEN,,3,2,,
NY,31,103,SUFFOLK,,29,1,,
NY,31,105,SULLIVAN,A,3,2,ALBANY,
NY,31,107,TIOGA,,3,2,,
NY,31,109,TOMPKIN,,3,2,,
NY,31,111,ULSTER,A,3,2,ALBANY,
NY,31,113,WARREN,A,3,2,ALBANY,
NY,31,115,WASHINGTON,A,3,2,ALBANY,
NY,31,117,WAYNE,,3,2,,
NY,31,119,WESTCHESTER,,2,1,,
NY,31,121,WYOMING,,3,2,,
NY,31,123,YATES,,3,2,,
NC,32,1,ALAMANCE,,11,4,,
NC,32,3,ALEXANDER,,11,4,,
NC,32,5,ALLEGHANY,,11,4,,
NC,32,7,ANSON,,11,4,,
NC,32,9,ASH,,11,4,,
NC,32,11,AVERY,,11,4,,
NC,32,13,BEAUFORT,,11,4,,
NC,32,15,BERTIE,,11,4,,
NC,32,17,BLADEN,,11,4,,
NC,32,19,BRUNSWICK,,11,4,,
NC,32,21,BUNCOMBE,,11,4,,
NC,32,23,BURKE,,11,4,,
NC,32,25,CABARRUS,,11,4,,
NC,32,27,CALDWELL,,11,4,,
NC,32,29,CAMDEN,,11,4,,
NC,32,31,CARTERET,,11,4,,
NC,32,33,CASWELL,,11,4,,
NC,32,35,CATAWBA,,11,4,,
NC,32,37,CHATHAM,,11,4,,
NC,32,39,CHEROKEE,,11,4,,
NC,32,41,CHOWAN,,11,4,,
NC,32,43,CLAY,,11,4,,
NC,32,45,CLEVELAND,,11,4,,
NC,32,47,COLUMBUS,,11,4,,
NC,32,49,CRAVEN,,11,4,,
NC,32,51,CUMBERLAND,,11,4,,
NC,32,53,CURRITUCK,,11,4,,
NC,32,55,DARE,,11,4,,
NC,32,57,DAVIDSON,,11,4,,
NC,32,59,DAVIE,,11,4,,
NC,32,61,DUPLIN,,11,4,,
NC,32,63,DURHAM,,11,4,,
NC,32,65,EDGECOMBE,,11,4,,
NC,32,67,FORSYTH,,11,4,,
NC,32,69,FRANKLIN,,11,4,,
NC,32,71,GASTON,,11,4,,
NC,32,73,GATES,,11,4,,
NC,32,75,GRAHAM,,11,4,,
NC,32,77,GRANVILLE,,11,4,,
NC,32,79,GREENE,,11,4,,
NC,32,81,GUILFORD,,11,4,,
NC,32,83,HALIFAX,,11,4,,
NC,32,85,HARNETT,,11,4,,
NC,32,87,HAYWOOD,,11,4,,
NC,32,89,HENDERSON,,11,4,,
NC,32,91,HERTFORD,,11,4,,
NC,32,93,HOKE,,11,4,,
NC,32,95,HYDE,,11,4,,
NC,32,97,IREDELL,,11,4,,
NC,32,99,JACKSON,,11,4,,
NC,32,101,JOHNSTON,,11,4,,
NC,32,103,JONES,,11,4,,
NC,32,105,LEE,,11,4,,
NC,32,107,LENOIR,,11,4,,
NC,32,109,LINCOLN,,11,4,,
NC,32,111,MCDOWELL,,11,4,,
NC,32,113,MACON,,11,4,,
NC,32,115,MADISON,,11,4,,
NC,32,117,MARTIN,,11,4,,
NC,32,119,MECKLENBURG,,11,4,,
NC,32,121,MITCHELL,,11,4,,
NC,32,123,MONTGOMERY,,11,4,,
NC,32,125,MOORE,,11,4,,
NC,32,127,NASH,,11,4,,
NC,32,129,NEW HANOVER,,11,4,,
NC,32,131,NORTHAMPTON,,11,4,,
NC,32,133,ONSLOW,,11,4,,
NC,32,135,ORANGE,,11,4,,
NC,32,137,PAMLICO,,11,4,,
NC,32,139,PASQUOTANK,,11,4,,
NC,32,141,PENDER,,11,4,,
NC,32,143,PERQUIMANS,,11,4,,
NC,32,145,PERSON,,11,4,,
NC,32,147,PITT,,11,4,,
NC,32,149,POLK,,11,4,,
NC,32,151,RANDOLPH,,11,4,,
NC,32,153,RICHMOND,,11,4,,
NC,32,155,ROBESON,,11,4,,
NC,32,157,ROCKINGHAM,,11,4,,
NC,32,159,ROWAN,,11,4,,
NC,32,161,RUTHERFORD,,11,4,,
NC,32,163,SAMPSON,,11,4,,
NC,32,165,SCOTLAND,,11,4,,
NC,32,167,STANLEY,,11,4,,
NC,32,169,STOKES,,11,4,,
NC,32,171,SURRY,,11,4,,
NC,32,173,SWAIN,,11,4,,
NC,32,175,TRANSYLVANIA,,11,4,,
NC,32,177,TYRRELL,,11,4,,
NC,32,179,UNION,,11,4,,
NC,32,181,VANCE,,11,4,,
NC,32,183,WAKE,,11,4,,
NC,32,185,WARREN,,11,4,,
NC,32,187,WASHINGTON,,11,4,,
NC,32,189,WATAUGA,,11,4,,
NC,32,191,WAYNE,,11,4,,
NC,32,193,WILKES,,11,4,,
NC,32,195,WILSON,,11,4,,
NC,32,197,YADKIN,,11,4,,
NC,32,199,YANCEY,,11,4,,
ND,33,1,ADAMS,,18,5,,
ND,33,3,BARNES,,18,5,,
ND,33,5,BENSON,,18,5,,
ND,33,7,BILLINGS,,18,5,,
ND,33,9,B01TINEAU,,18,5,,
ND,33,11,BOWMAN,,18,5,,
ND,33,13,BURKE,,18,5,,
ND,33,15,BURLEIGH,,18,5,,
ND,33,17,CASS,,18,5,,
ND,33,19,CAVALIER,,18,5,,
ND,33,21,DICKEY,,18,5,,
ND,33,23,DIVIDE,,18,5,,
ND,33,25,DUNN,,18,5,,
ND,33,27,EDDY,,18,5,,
ND,33,29,EMMONS,,18,5,,
ND,33,31,FORSTER,,18,5,,
ND,33,33,GOLDEN VALLEY,,18,5,,
ND,33,35,GRAND FORKS,,18,5,,
ND,33,37,GRANT,,18,5,,
ND,33,39,GRIGGS,,18,5,,
ND,33,41,HETTINGER,,18,5,,
ND,33,43,KIDDER,,18,5,,
ND,33,45,LA MOURE,,18,5,,
ND,33,47,LOGAN,,18,5,,
ND,33,49,MCHENRY,,18,5,,
ND,33,51,MCINTOSH,,18,5,,
ND,33,53,MCKENZIE,,18,5,,
ND,33,55,MCLEAN,,18,5,,
ND,33,57,MERCER,,18,5,,
ND,33,59,MORTON,,18,5,,
ND,33,61,MOUNTRAIL,,18,5,,
ND,33,63,NELSON,,18,5,,
ND,33,65,OLIVER,,18,5,,
ND,33,67,PEMBINA,,18,5,,
ND,33,69,PIERCE,,18,5,,
ND,33,71,RAMSEY,,18,5,,
ND,33,73,RANSOM,,18,5,,
ND,33,75,RENVILLE,,18,5,,
ND,33,77,RICHLAND,,18,5,,
ND,33,79,ROLETTE,,18,5,,
ND,33,81,SARGENT,,18,5,,
ND,33,83,SHERIDAN,,18,5,,
ND,33,85,SIOUX,,18,5,,
ND,33,87,SLOPE,,18,5,,
ND,33,89,STARK,,18,5,,
ND,33,91,STEELE,,18,5,,
ND,33,93,STUTSMAN,,18,5,,
ND,33,95,TWONER,,18,5,,
ND,33,97,TRAILL,,18,5,,
ND,33,99,WALSH,,18,5,,
ND,33,101,WARD,,18,5,,
ND,33,103,WELLS,,18,5,,
ND,33,105,WILLIAMS,,18,5,,
OH,34,1,ADAMS,,9,2,,
OH,34,3,ALLEN,,8,2,,
OH,34,5,ASHLAND,,8,2,,
OH,34,7,ASHTABULA,,8,2,,
OH,34,9,ATHENS,,9,2,,
OH,34,11,AUGLAIZE,,8,2,,
OH,34,13,BELMONT,,8,2,,
OH,34,15,BROWN,,9,2,,
OH,34,17,BUTLER,,9,2,,
OH,34,19,CARROLL,,8,2,,
OH,34,21,CHAMPAIGN,,8,2,,
OH,34,23,CLARK,,9,2,,
OH,34,25,CLERMONT,,9,2,,
OH,34,27,CLINTON,,9,2,,
OH,34,29,COLUMBIANA,,8,2,,
OH,34,31,COSHOCTON,,8,2,,
OH,34,33,CRAWFORD,,8,2,,
OH,34,35,CUYAHOGA,,8,2,,
OH,34,37,DARKE,,8,2,,
OH,34,39,DEFIANCE,,8,2,,
OH,34,41,DELAWARE,,8,2,,
OH,34,43,ERIE,,8,2,,
OH,34,45,FAIRFIELD,,9,2,,
OH,34,47,FAYETTE,,9,2,,
OH,34,49,FRANKLIN,,9,2,,
OH,34,51,FULTON,,8,2,,
OH,34,53,GALLIA,,9,2,,
OH,34,55,GEAUGA,,8,2,,
OH,34,57,GREENE,,9,2,,
OH,34,59,GUERNSEY,,8,2,,
OH,34,61,HAMILTON,,9,2,,
OH,34,63,HANCOCK,,8,2,,
OH,34,65,HARDIN,,8,2,,
OH,34,67,HARRISON,,8,2,,
OH,34,69,HENRY,,8,2,,
OH,34,71,HIGHLAND,,9,2,,
OH,34,73,HOCKING,,9,2,,
OH,34,75,HOLMES,,8,2,,
OH,34,77,HURON,,8,2,,
OH,34,79,JACKSON,,9,2,,
OH,34,81,JEFFERSON,,8,2,,
OH,34,83,KNOX,,8,2,,
OH,34,85,LAKE,,8,2,,
OH,34,87,LAWRENCE,,9,2,,
OH,34,89,LICKING,,8,2,,
OH,34,91,LOGAN,,8,2,,
OH,34,93,LORAIN,,8,2,,
OH,34,95,LUCAS,,8,2,,
OH,34,97,MADISON,,9,2,,
OH,34,99,MAHONING,,8,2,,
OH,34,101,MARION,,8,2,,
OH,34,103,MEDINA,,8,2,,
OH,34,105,MEIGS,,9,2,,
OH,34,107,MERCER,,8,2,,
OH,34,109,MIAMI,,8,2,,
OH,34,111,MONROE,,9,2,,
OH,34,113,MONTGOMERY,,9,2,,
OH,34,115,MORGAN,,9,2,,
OH,34,117,MORROW,,8,2,,
OH,34,119,MUSKINGUM,,8,2,,
OH,34,121,NOBLE,,9,2,,
OH,34,123,OTTAWA,,8,2,,
OH,34,125,PAULDING,,8,2,,
OH,34,127,PERRY,,9,2,,
OH,34,129,PICKAWAY,,9,2,,
OH,34,131,PIKE,,9,2,,
OH,34,133,PORTAGE,,8,2,,
OH,34,135,PREBLE,,9,2,,
OH,34,137,PUTNAM,,8,2,,
OH,34,139,RICHLAND,,8,2,,
OH,34,141,ROSS,,9,2,,
OH,34,143,SANDUSKY,,8,2,,
OH,34,145,SCIOTO,,9,2,,
OH,34,147,SENECA,,8,2,,
OH,34,149,SHELBY,,8,2,,
OH,34,151,STARK,,8,2,,
OH,34,153,SUMMIT,,8,2,,
OH,34,155,TRUMBULL,,8,2,,
OH,34,157,TUSCARAWAS,,8,2,,
OH,34,159,UNION,,8,2,,
OH,34,161,VAN WERT,,8,2,,
OH,34,163,VINTON,,9,2,,
OH,34,165,WARREN,,9,2,,
OH,34,167,WASHINGTON,,9,2,,
OH,34,169,WAYNE,,8,2,,
OH,34,171,WILLIAMS,,8,2,,
OH,34,173,WOOD,,8,2,,
OH,34,175,WYANDOT,,8,2,,
OK,35,1,ADAIR,T,16,5,TULSA,
OK,35,3,ALFALFA,T,16,5,TULSA,
OK,35,5,ATOKA,,16,5,,
OK,35,7,BEAVER,,16,5,,
OK,35,9,BECKHAM,,16,5,,
OK,35,11,BLAINE,T,16,5,TULSA,
OK,35,13,BRYAN,,16,5,,
OK,35,15,CADDO,,16,5,,
OK,35,17,CANADIAN,T,16,5,TULSA,
OK,35,19,CARTER,,16,5,,
OK,35,21,CHEROKEE,T,16,5,TULSA,
OK,35,23,CHOCTAW,,16,5,,
OK,35,25,CIMARRON,,16,5,,
OK,35,27,CLEVELAND,T,16,5,TULSA,
OK,35,29,COAL,,16,5,,
OK,35,31,COMANCHE,,16,5,,
OK,35,33,COTTON,,16,5,,
OK,35,35,CRAIG,T,16,5,TULSA,
OK,35,37,CREEK,T,16,5,TULSA,
OK,35,39,CUSTER,,16,5,,
OK,35,41,DELAWARE,T,16,5,TULSA,
OK,35,43,DEWEY,,16,5,,
OK,35,45,ELLIS,,16,5,,
OK,35,47,GARFIELD,T,16,5,TULSA,
OK,35,49,GARVIN,,16,5,,
OK,35,51,GRADY,,16,5,,
OK,35,53,GRANT,T,16,5,TULSA,
OK,35,55,GREER,,16,5,,
OK,35,57,HARMON,,16,5,,
OK,35,59,HOPPER,,16,5,,
OK,35,61,HASKELL,T,16,5,TULSA,
OK,35,63,HUGHES,T,16,5,TULSA,
OK,35,65,JACKSON,,16,5,,
OK,35,67,JEFFERSON,,16,5,,
OK,35,69,JOHNSTON,,16,5,,
OK,35,71,KAY,T,16,5,TULSA,
OK,35,73,KINGFISHER,T,16,5,TULSA,
OK,35,75,KIOWA,,16,5,,
OK,35,77,LATIMER,T,16,5,TULSA,
OK,35,79,LEFLORE,T,16,5,TULSA,
OK,35,81,LINCOLN,T,16,5,TULSA,
OK,35,83,LOGAN,T,16,5,TULSA,
OK,35,85,LOVE,,16,5,,
OK,35,87,MCCLAIN,T,16,5,TULSA,
OK,35,89,MCCURTAIN,,16,5,,
OK,35,91,MCINTOSH,T,16,5,TULSA,
OK,35,93,MAJOR,T,16,5,TULSA,
OK,35,95,MARSHALL,,16,5,,
OK,35,97,MAYES,T,16,5,TULSA,
OK,35,99,MURRAY,,16,5,,
OK,35,101,MUSKOGEE,T,16,5,TULSA,
OK,35,103,NOBLE,T,16,5,TULSA,
OK,35,105,NOWATA,T,16,5,TULSA,
OK,35,107,OKFUSKEE,T,16,5,TULSA,
OK,35,109,OKLAHOMA,T,16,5,TULSA,
OK,35,111,OKMULGEE,T,16,5,TULSA,
OK,35,113,OSAGE,T,16,5,TULSA,
OK,35,115,OTTAWA,T,16,5,TULSA,
OK,35,117,PAWNEE,T,16,5,TULSA,
OK,35,119,PAYNE,T,16,5,TULSA,
OK,35,121,PITTSBURG,T,16,5,,
OK,35,123,PONTOTOC,,16,5,,
OK,35,125,POTTAWATOMIE,T,16,5,TULSA,
OK,35,127,PUSHMATAHA,,16,5,,
OK,35,129,ROGER MILLS,,16,5,,
OK,35,131,ROGERS,T,16,5,TULSA,
OK,35,133,SEMINOLE,T,16,5,TULSA,
OK,35,135,SEQUOYAH,T,16,5,TULSA,
OK,35,137,STEPHENS,,16,5,,
OK,35,139,TEXAS,,16,5,,
OK,35,141,TILLMAN,,16,5,,
OK,35,143,TULSA,T,16,5,TULSA,
OK,35,145,WAGONER,T,16,5,TULSA,
OK,35,147,WASHINGTON,T,16,5,TULSA,
OK,35,149,WASHITA,,16,5,,
OK,35,151,WOODS,T,16,5,TULSA,
OK,35,153,WOODWARD,,16,5,,
OR,36,1,BAKER,,36,6,,
OR,36,3,BENTON,,36,6,,
OR,36,5,CLACKAMAS,,36,6,,
OR,36,7,CLATSOP,,36,6,,
OR,36,9,COLUMBIA,,36,6,,
OR,36,11,COOS,,36,6,,
OR,36,13,CROOK,,36,6,,
OR,36,15,CURRY,,36,6,,
OR,36,17,DESCHUTES,,36,6,,
OR,36,19,DOUGLAS,,36,6,,
OR,36,21,GILLIAM,,36,6,,
OR,36,23,GRANT,,36,6,,
OR,36,25,HARNEY,,36,6,,
OR,36,27,HOOD RIVER,,36,6,,
OR,36,29,JACKSON,,36,6,,
OR,36,31,JEFFERSON,,36,6,,
OR,36,33,JOSEPHINE,,36,6,,
OR,36,35,KLAMATH,,36,6,,
OR,36,37,LAKE,,36,6,,
OR,36,39,LANE,,36,6,,
OR,36,41,LINCOLN,,36,6,,
OR,36,43,LINN,,36,6,,
OR,36,45,MALHEUR,,36,6,,
OR,36,47,MARION,,36,6,,
OR,36,49,MORROW,,36,6,,
OR,36,51,MULTNOMAH,,36,6,,
OR,36,53,POLK,,36,6,,
OR,36,55,SHERMAN,,36,6,,
OR,36,57,TILLAMOOK,,36,6,,
OR,36,59,UMATILLA,,36,6,,
OR,36,61,UNION,,36,6,,
OR,36,63,WALLOWA,,36,6,,
OR,36,65,WASCO,,36,6,,
OR,36,67,WASHINGTON,,36,6,,
OR,36,69,WHEELER,,36,6,,
OR,36,71,YAMHILL,,36,6,,
PA,37,1,ADAMS,,4,1,,
PA,37,3,ALLEGHENY,,6,2,,
PA,37,5,ARMSTRONG,,6,2,,
PA,37,7,BEAVER,,6,2,,
PA,37,9,BEDFORD,,6,2,,
PA,37,11,BERKS,,4,1,,
PA,37,13,BLAIR,,6,2,,
PA,37,15,BRADFORD,,4,1,,
PA,37,17,BUCKS,,4,1,,
PA,37,19,BUTLER,,6,2,,
PA,37,21,CAMBRIA,,6,2,,
PA,37,23,CAMERON,,6,2,,
PA,37,25,CARBON,,4,1,,
PA,37,27,CENTRE,,6,2,,
PA,37,29,CHESTER,,4,1,,
PA,37,31,CLARION,,6,2,,
PA,37,33,CLEARFIELD,,6,2,,
PA,37,35,CLINTON,,6,2,,
PA,37,37,COLUMBIA,,6,2,,
PA,37,39,CRAWFORD,,6,2,,
PA,37,41,CUMBERLAND,,4,1,,
PA,37,43,DAUPHIN,,4,1,,
PA,37,45,DELAWARE,,4,1,,
PA,37,47,ELK,,6,2,,
PA,37,49,ERIE,,6,2,,
PA,37,51,FAYETTE,,6,2,,
PA,37,53,FOREST,,6,2,,
PA,37,55,FRANKLIN,,6,2,,
PA,37,57,FULTON,,6,2,,
PA,37,59,GREENE,,6,2,,
PA,37,61,HUNTINGDON,,6,2,,
PA,37,63,INDIANA,,6,2,,
PA,37,65,JEFFERSON,,6,2,,
PA,37,67,JUANIATA,,4,1,,
PA,37,69,LACKAWANNA,,4,1,,
PA,37,71,LANCASTER,,4,1,,
PA,37,73,LA WRENCE,,6,2,,
PA,37,75,LEBANON,,4,1,,
PA,37,77,LEHIGH,,4,1,,
PA,37,79,LUZERNE,,4,1,,
PA,37,81,LYCOMING,,4,1,,
PA,37,83,MCKEAN,,6,2,,
PA,37,85,MERCER,,6,2,,
PA,37,87,MIFFLIN,,6,2,,
PA,37,89,MONROE,,4,1,,
PA,37,91,MONTGOMERY,,4,1,,
PA,37,93,MONTOUR,,4,1,,
PA,37,95,NORTHAMPTON,,4,1,,
PA,37,97,NORTHUMBERLAND,,4,1,,
PA,37,99,PERRY,,4,1,,
PA,37,101,PHILADELPHIA,,4,1,,
PA,37,103,PIKE,,4,1,,
PA,37,105,POTTER,,6,2,,
PA,37,107,SCHUYLKILL,,4,1,,
PA,37,109,SNYDER,,4,1,,
PA,37,111,SOMERSET,,6,2,,
PA,37,113,SULLIVAN,,4,1,,
PA,37,115,SUSQUEHANNA,,4,1,,
PA,37,117,TIOGA,,4,1,,
PA,37,119,UNION,,4,1,,
PA,37,121,VENANGO,,6,2,,
PA,37,123,WARREN,,6,2,,
PA,37,125,WASHINGTON,,6,2,,
PA,37,127,WAYNE,,4,1,,
PA,37,129,WESTMORELAND,,6,2,,
PA,37,131,WYOMING,,4,1,,
PA,37,133,YORK,,4,1,,
RI,38,1,BRISTOL,,1,1,,
RI,38,3,KENT,,1,1,,
RI,38,5,NEWPORT,,1,1,,
RI,38,7,PROVIDENCE,,1,1,,
RI,38,9,WASHINGTON,,1,1,,
SC,39,1,ABBEVILLE,,11,4,,
SC,39,3,AIKEN,,11,4,,
SC,39,5,ALLENDALE,,11,4,,
SC,39,7,ANDERSON,,11,4,,
SC,39,9,BAMBERG,,11,4,,
SC,39,11,BARNWELL,,11,4,,
SC,39,13,BEAUFORT,,11,4,,
SC,39,15,BERKELEY,,11,4,,
SC,39,17,CALHOUN,,11,4,,
SC,39,19,CHARLESTON,,11,4,,
SC,39,21,CHEROKEE,,11,4,,
SC,39,23,CHESTER,,11,4,,
SC,39,25,CHESTERFIELD,,11,4,,
SC,39,27,CLARENDON,,11,4,,
SC,39,29,COLLETON,,11,4,,
SC,39,31,DARLINGTON,,11,4,,
SC,39,33,DILLON,,11,4,,
SC,39,35,DORCHESTER,,11,4,,
SC,39,37,EDGEFIELD,,11,4,,
SC,39,39,FAIRFIELD,,11,4,,
SC,39,41,FLORENCE,,11,4,,
SC,39,43,GEORGETOWN,,11,4,,
SC,39,45,GREENVILLE,,11,4,,
SC,39,47,GREENWOOD,,11,4,,
SC,39,49,HAMPTON,,11,4,,
SC,39,51,HORRY,,11,4,,
SC,39,53,JASPER,,11,4,,
SC,39,55,KERSHAW,,11,4,,
SC,39,57,LANCASTER,,11,4,,
SC,39,59,LURENS,,11,4,,
SC,39,61,LEE,,11,4,,
SC,39,63,LEXINGTON,,11,4,,
SC,39,65,MCCORMICK,,11,4,,
SC,39,67,MARION,,11,4,,
SC,39,69,MARLBORO,,11,4,,
SC,39,71,NEWBERRY,,11,4,,
SC,39,73,OCONEE,,11,4,,
SC,39,75,ORANGEBURG,,11,4,,
SC,39,77,PICKENS,,11,4,,
SC,39,79,RICHLAND,,11,4,,
SC,39,81,SALUDA,,11,4,,
SC,39,83,SPARTENBURG,,11,4,,
SC,39,85,SUMTER,,11,4,,
SC,39,87,UNION,,11,4,,
SC,39,89,WILLIAMSBURG,,11,4,,
SC,39,91,YORK,,11,4,,
SD,40,3,AURORA,,18,5,,
SD,40,5,BEADLE,,18,5,,
SD,40,7,BENNETT,,18,5,,
SD,40,9,BON HOMME,,18,5,,
SD,40,11,BROOKINGS,,18,5,,
SD,40,13,BROWN,,18,5,,
SD,40,15,BRULE,,18,5,,
SD,40,17,BUFFALO,,18,5,,
SD,40,19,BUITE,,18,5,,
SD,40,21,CAMPBELL,,18,5,,
SD,40,23,CHARLESMIX,,18,5,,
SD,40,25,CLARK,,18,5,,
SD,40,27,CLAY,,18,5,,
SD,40,29,CODINGTON,,18,5,,
SD,40,31,CORSON,,18,5,,
SD,40,33,CUSTER,,18,5,,
SD,40,35,DAVISON,,18,5,,
SD,40,37,DAY,,18,5,,
SD,40,39,DEUEL,,18,5,,
SD,40,41,DEWEY,,18,5,,
SD,40,43,DOUGLAS,,18,5,,
SD,40,45,EDMUNDS,,18,5,,
SD,40,47,FALL RIVER,,18,5,,
SD,40,49,FAULK,,18,5,,
SD,40,51,GRANT,,18,5,,
SD,40,53,GREGOR,,18,5,,
SD,40,55,HAAKON,,18,5,,
SD,40,57,HAMLIN,,18,5,,
SD,40,59,HAND,,18,5,,
SD,40,61,HANSON,,18,5,,
SD,40,63,HARDING,,18,5,,
SD,40,65,HUGHES,,18,5,,
SD,40,67,HUTCHISON,,18,5,,
SD,40,69,HYDE,,18,5,,
SD,40,71,JACKSON,,18,5,,
SD,40,73,JERAULD,,18,5,,
SD,40,75,JONES,,18,5,,
SD,40,77,KINGSBURY,,18,5,,
SD,40,79,LAKE,,18,5,,
SD,40,81,LAWRENCE,,18,5,,
SD,40,83,LINCOLN,,18,5,,
SD,40,85,LYMAN,,18,5,,
SD,40,87,MCCOOK,,18,5,,
SD,40,89,MCPHERSON,,18,5,,
SD,40,91,MARSHALL,,18,5,,
SD,40,93,MEADE,,18,5,,
SD,40,95,MELLETIE,,18,5,,
SD,40,97,MINER,,18,5,,
SD,40,99,MINNEHAHA,,18,5,,
SD,40,101,MOODY,,18,5,,
SD,40,103,PENNINGTON,,18,5,,
SD,40,105,PERKINS,,18,5,,
SD,40,107,POTTER,,18,5,,
SD,40,109,ROBERTS,,18,5,,
SD,40,111,SANBORN,,18,5,,
SD,40,113,SHANNON,,18,5,,
SD,40,115,SPINK,,18,5,,
SD,40,117,STANLEY,,18,5,,
SD,40,119,SULLY,,18,5,,
SD,40,121,TODD,,18,5,,
SD,40,123,TRIPP,,18,5,,
SD,40,125,TURNER,,18,5,,
SD,40,127,UNION,,18,5,,
SD,40,129,WALWORTH,,18,5,,
SD,40,131,WASHABAUGH,,18,5,,
SD,40,135,YANKTON,,18,5,,
SD,40,137,ZIEBACH,,18,5,,
TN,41,1,ANDERSON,,10,4,,
TN,41,3,BEDFORD,N,26,4,NASHVILLE,
TN,41,5,BENTON,,26,4,,
TN,41,7,BLEDSOE,,10,4,,
TN,41,9,BLOUNT,,10,4,,
TN,41,11,BRADLEY,,10,4,,
TN,41,13,CAMPBELL,,10,4,,
TN,41,15,CANNON,N,26,4,NASHVILLE,
TN,41,17,CARROLL,,26,4,,
TN,41,19,CARTER,,10,4,,
TN,41,21,CHEATHAM,N,26,4,NASHVILLE,
TN,41,23,CHESTER,,26,4,,
TN,41,25,CLAIBORNE,,10,4,,
TN,41,27,CLAY,,10,4,,
TN,41,29,COCKE,,10,4,,
TN,41,31,COFFEE,N,26,4,NASHVILLE,
TN,41,33,CROCKETT,,26,4,,
TN,41,35,CUMBERLAND,,10,4,,
TN,41,37,DAVIDSON,N,26,4,NASHVILLE,
TN,41,39,DECATIJR,,26,4,,
TN,41,41,DEKALB,N,26,4,NASHVILLE,
TN,41,43,DICKSON,N,26,4,NASHVILLE,
TN,41,45,DYER,,26,4,,
TN,41,47,FAYETTE,,26,4,,
TN,41,49,FENTRESS,,10,4,,
TN,41,51,FRANKLIN,,26,4,,
TN,41,53,GIBSON,,26,4,,
TN,41,55,GILES,,26,4,,
TN,41,57,GRAINGER,,10,4,,
TN,41,59,GREENE,,10,4,,
TN,41,61,GRUNDY,,10,4,,
TN,41,63,HAMBLEN,,10,4,,
TN,41,65,HAMILTON,,10,4,,
TN,41,67,HANCOCK,,10,4,,
TN,41,69,HARDEMAN,,26,4,,
TN,41,71,HARDIN,,26,4,,
TN,41,73,HAWKINS,,10,4,,
TN,41,75,HAYWOOD,,26,4,,
TN,41,77,HENDERSON,,26,4,,
TN,41,79,HENRY,,26,4,,
TN,41,81,HICKMAN,N,26,4,NASHVILLE,
TN,41,83,HOUSTON,N,26,4,NASHVILLE,
TN,41,85,HUMPHREYS,N,26,4,NASHVILLE,
TN,41,87,JACKSON,,10,4,,
TN,41,89,JEFFERSON,,10,4,,
TN,41,91,JOHNSON,,10,4,,
TN,41,93,KNOX,,10,4,,
TN,41,95,LAKE,,26,4,,
TN,41,97,LAUDERDALE,,26,4,,
TN,41,99,LAWRENCE,,26,4,,
TN,41,101,LEWIS,N,26,4,NASHVILLE,
TN,41,103,LINCOLN,,26,4,,
TN,41,105,LOUDON,,10,4,,
TN,41,107,MCMINN,,10,4,,
TN,41,109,MCNAIRY,,26,4,,
TN,41,111,MACON,N,26,4,NASHVILLE,
TN,41,113,MADISON,,26,4,,
TN,41,115,MARION,,10,4,,
TN,41,117,MARSHALL,N,26,4,NASHVILLE,
TN,41,119,MAURY,N,26,4,NASHVILLE,
TN,41,121,MEIGS,,10,4,,
TN,41,123,MONROE,,10,4,,
TN,41,125,MONTGOMERY,N,26,4,NASHVILLE,
TN,41,127,MOORE,,26,4,,
TN,41,129,MORGAN,,10,4,,
TN,41,131,OBION,,26,4,,
TN,41,133,OVERTON,,10,4,,
TN,41,135,PERRY,,26,4,,
TN,41,137,PICKETT,,10,4,,
TN,41,139,POLK,,10,4,,
TN,41,141,PUTNAM,,10,4,,
TN,41,143,RHEA,,10,4,,
TN,41,145,ROANE,,10,4,,
TN,41,147,ROBERTSON,N,26,4,NASHVILLE,
TN,41,149,RUTHERFORD,N,26,4,NASHVILLE,
TN,41,151,SCOTT,,10,4,,
TN,41,153,SEQUATCHIE,,10,4,,
TN,41,155,SEDlER,,10,4,,
TN,41,157,SHELBY,,26,4,,
TN,41,159,SMITH,N,26,4,NASHVILLE,
TN,41,161,STEWART,N,26,4,NASHVILLE,
TN,41,163,SULLIVAN,,5,4,,
TN,41,165,SUMNER,N,26,4,NASHVILLE,
TN,41,167,TIPTON,,26,4,,
TN,41,169,TROUSDALE,N,26,4,NASHVILLE,
TN,41,171,UNICOI,,10,4,,
TN,41,173,UNION,,10,4,,
TN,41,175,VAN BUREN,,10,4,,
TN,41,177,WARREN,,10,4,,
TN,41,179,WASHINGTON,,10,4,,
TN,41,181,WAYNE,,26,4,,
TN,41,183,WEAKLEY,,26,4,,
TN,41,185,WHITE,,10,4,,
TN,41,187,WILLIAMSON,N,26,4,NASHVILLE,
TN,41,189,WILSON,N,26,4,NASHVILLE,
TX,42,1,ANDERSON,,16,5,,
TX,42,3,ANDREWS,,16,5,,
TX,42,5,ANGELINA,,16,5,,
TX,42,7,ARANSAS,H,23,5,HOUSTON,
TX,42,9,ARCHER,,16,5,,
TX,42,11,ARMSTRONG,,16,5,,
TX,42,13,ATASCOSA,S,23,5,SAN ANTONIO,
TX,42,15,AUSTIN,H,23,5,HOUSTON,
TX,42,17,BAILEY,,16,5,,
TX,42,19,BANDERA,S,23,5,SAN ANTONIO,
TX,42,21,BASTROP,H,23,5,HOUSTON,
TX,42,23,BAYLOR,,16,5,,
TX,42,25,BEE,S,23,5,SAN ANTONIO,
TX,42,27,BELL,,16,5,,
TX,42,29,BEXAR,S,23,5,SAN ANTONIO,
TX,42,31,BLANCO,S,23,5,SAN ANTONIO,
TX,42,33,BORDEN,,16,5,,
TX,42,35,BOSQUE,,16,5,,
TX,42,37,BOWIE,,16,5,,
TX,42,39,BRAZORIA,,,,HOUSTON,
TX,42,41,BRAZOS,,,,HOUSTON,
TX,42,43,BREWSTER,,16,5,,
TX,42,45,BRISCOE,,16,5,,
TX,42,47,BROOKS,H,23,5,HOUSTON,
TX,42,49,BROWN,,16,5,,
TX,42,51,BURLESON,H,23,5,HOUSTON,
TX,42,53,BURNET,,16,5,,
TX,42,55,CALDWELL,S,23,5,SAN ANTONIO,
TX,42,57,CALHOUN,H,23,5,HOUSTON,
TX,42,59,CALLAHAN,,16,5,,
TX,42,61,CAMERON,H,23,5,HOUSTON,
TX,42,63,CAMP,,16,5,,
TX,42,65,CARSON,,16,5,,
TX,42,67,CASS,,16,5,,
TX,42,69,CASTRO,,16,5,,
TX,42,71,CHAMBERS,H,23,5,HOUSTON,
TX,42,73,CHEROKEE,,16,5,,
TX,42,75,CHILDRESS,,16,5,,
TX,42,77,CLAY,,16,5,,
TX,42,79,COCHRAN,,16,5,,
TX,42,81,COKE,,16,5,,
TX,42,83,COLEMAN,,16,5,,
TX,42,85,COLLIN,,16,5,,
TX,42,87,COLLINGSWORTH,,16,5,,
TX,42,89,COLORADO,H,23,5,HOUSTON,
TX,42,91,COMAL,S,23,5,SAN ANTONIO,
TX,42,93,COMANCHE,,16,5,,
TX,42,95,CONCHO,,16,5,,
TX,42,97,COOKE,,16,5,,
TX,42,99,CORYELL,,16,5,,
TX,42,101,COTTLE,,16,5,,
TX,42,103,CRANE,,16,5,,
TX,42,105,CROCKETT,,16,5,,
TX,42,107,CROSBY,,16,5,,
TX,42,109,CULBERSON,E,28,5,EL PASO,
TX,42,111,DALLAM,,16,5,,
TX,42,113,DALLAS,,16,5,,
TX,42,115,DAWSON,,16,5,,
TX,42,117,DEAFSMITH,,16,,,
TX,42,119,DELTA,,16,5,,
TX,42,121,DENTON,,16,5,,
TX,42,123,DEWITT,H,23,5,HOUSTON,
TX,42,125,DICKENS,,16,5,,
TX,42,127,DIMMIT,S,23,5,SAN ANTONIO,
TX,42,129,DONLEY,,16,5,,
TX,42,131,DUVAL,S,23,5,SAN ANTONIO,
TX,42,133,EASTLAND,,16,5,,
TX,42,135,ECTOR,,16,5,,
TX,42,137,EDWARDS,S,23,5,SAN ANTONIO,
TX,42,139,ELLIS,,16,5,,
TX,42,141,ELPASO,E,28,5,EL PASO,
TX,42,143,BRATH,,16,5,,
TX,42,145,FALLS,,16,5,,
TX,42,147,FANNIN,,16,5,,
TX,42,149,FAYETTE,H,23,5,HOUSTON,
TX,42,151,FISHER,,16,5,,
TX,42,153,FLOYD,,16,5,,
TX,42,155,FOARD,,16,5,,
TX,42,157,FORT BEND,H,23,5,HOUSTON,
TX,42,159,FRANKLIN,,16,5,,
TX,42,161,FREESTONE,,16,5,,
TX,42,163,FRIO,S,23,5,SAN ANTONIO,
TX,42,165,GAINES,,16,5,,
TX,42,167,GALVESTON,H,23,5,HOUSTON,
TX,42,169,GARZA,,16,5,,
TX,42,171,GILLESPIE,S,23,5,SAN ANTONIO,
TX,42,173,GLASSCOCK,,16,5,,
TX,42,175,GOLIAD,H,23,5,HOUSTON,
TX,42,179,GRAY,,16,5,,
TX,42,181,GRAYSON,,16,5,,
TX,42,183,GREGG,,16,5,,
TX,42,185,GRIMES,H,23,5,HOUSTON,
TX,42,187,GUADALUPE,S,23,5,SAN ANTONIO,
TX,42,189,HALE,,16,5,,
TX,42,191,HALL,,16,5,,
TX,42,193,HAMILTON,,16,5,,
TX,42,195,HANSFORD,,16,5,,
TX,42,197,HARDEMAN,,16,5,,
TX,42,199,HARDIN,H,23,5,HOUSTON,
TX,42,201,HARRIS,H,23,5,HOUSTON,
TX,42,203,HARRISON,,16,5,,
TX,42,205,HARTLY,,16,5,,
TX,42,207,HAYS,S,16,5,,
TX,42,209,HASKELL,H,23,5,HOUSTON,
TX,42,211,HEMPHILL,,16,5,,
TX,42,213,HENDERSON,,16,5,,
TX,42,215,HIDALGO,H,23,5,HOUSTON,
TX,42,217,HILL,,16,5,,
TX,42,219,HOCKLEY,,16,5,,
TX,42,221,HOOD,,16,5,,
TX,42,223,HOPKINS,,16,5,,
TX,42,225,HOUSTON,,16,5,,
TX,42,227,HOWARD,,16,5,,
TX,42,229,HUDSPETH,,28,5,EL PASO,
TX,42,231,HUNT,,16,5,,
TX,42,233,HUTCHINSON,,16,5,,
TX,42,235,IRION,,16,5,,
TX,42,237,JACK,,16,5,,
TX,42,239,JACKSON,H,23,5,HOUSTON,
TX,42,241,JASPER,H,23,5,HOUSTON,
TX,42,243,JEFF DAVIS,,16,5,,
TX,42,245,JEFFERSON,H,23,5,HOUSTON,
TX,42,247,JIM HOGG,H,23,5,HOUSTON,
TX,42,249,JIM ELLS,H,23,5,HOUSTON,
TX,42,251,JOHNSON,,16,5,,
TX,42,253,JONES,,16,5,,
TX,42,255,KARNES,S,23,5,SAN ANTONIO,
TX,42,257,KAUFMAN,,16,5,,
TX,42,259,KENDALL,S,23,5,SAN ANTONIO,
TX,42,261,KENNEDY,H,23,5,HOUSTON,
TX,42,263,KENT,,16,5,,
TX,42,265,KERR,S,23,5,SAN ANTONIO,
TX,42,267,KIMBLE,,16,5,,
TX,42,269,KING,,16,5,,
TX,42,271,KINNEY,S,23,5,SAN ANTONIO,
TX,42,273,KLEBERS,H,23,5,HOUSTON,
TX,42,275,KNOX,,16,5,,
TX,42,277,LAMAR,,16,5,,
TX,42,279,LAMB,,16,5,,
TX,42,281,LAMPASAS,,16,5,,
TX,42,283,LA SALLE,,23,5,SAN ANTONIO,
TX,42,285,LAVACA,,23,5,HOUSTON,
TX,42,287,LEE,H,23,5,HOUSTON,
TX,42,289,LEON,,16,5,,
TX,42,291,LIBERTY,H,23,5,HOUSTON,
TX,42,293,LIMESTONE,,16,5,,
TX,42,295,LIPSCOMB,,16,5,,
TX,42,297,LIVE OAK,S,23,5,SAN ANTONIO,
TX,42,299,LLANO,,16,5,,
TX,42,301,LOVING,,16,5,,
TX,42,303,LUBBOCK,,16,5,,
TX,42,305,LYNN,,16,5,,
TX,42,307,MCCULLOCH,,16,5,,
TX,42,309,MCLENNAN,,16,5,,
TX,42,311,MCMULLEN,S,23,5,SAN ANTONIO,
TX,42,313,MADISON,,16,5,,
TX,42,315,MARION,,16,5,,
TX,42,317,MARTIN,,16,5,,
TX,42,319,MASON,,16,5,,
TX,42,321,MATAGORDA,H,23,5,HOUSTON,
TX,42,323,MAVERICK,S,23,5,SAN ANTONIO,
TX,42,325,MEDINA,S,23,5,SAN ANTONIO,
TX,42,327,MENARD,,16,5,,
TX,42,329,MIDLAND,,16,5,,
TX,42,331,MILAM,,16,5,,
TX,42,333,MILLA,,16,5,,
TX,42,335,MITCHELL,,16,5,,
TX,42,337,MONTAGUE,,16,5,,
TX,42,339,MONTGOMERY,H,23,5,,
TX,42,341,MOORE,,16,5,,
TX,42,343,MORRIS,,16,5,,
TX,42,345,MOTLEY,,16,5,,
TX,42,347,NACOGDOCHES,,16,5,,
TX,42,349,NAVARR,,16,5,,
TX,42,351,NEWTON,H,23,5,HOUSTON,
TX,42,353,NOLAN,,16,5,,
TX,42,355,NUECES,H,23,5,HOUSTON,
TX,42,357,OCHILTREE,,16,5,,
TX,42,359,OLDHAM,,16,5,,
TX,42,361,ORANGE,H,23,5,HOUSTON,
TX,42,363,PALO PINTO,,16,5,,
TX,42,365,PANOLA,,16,5,,
TX,42,367,PARKER,,16,5,,
TX,42,369,PARMER,,16,5,,
TX,42,371,PECOS,,16,5,,
TX,42,373,POLK,H,23,5,HOUSTON,
TX,42,375,POTTER,,16,5,,
TX,42,377,PRESIDIO,,16,5,,
TX,42,379,RAINS,,16,5,,
TX,42,381,RANDALL,,16,5,,
TX,42,383,REAGAN,,16,5,,
TX,42,385,REAL,S,23,5,SAN ANTONIO,
TX,42,387,RED RIVER,,16,5,,
TX,42,389,REEVES,,16,5,,
TX,42,391,REFUGIO,H,23,5,HOUSTON,
TX,42,393,ROBERTS,,16,5,,
TX,42,395,ROBERTSON,,16,5,,
TX,42,397,ROCKWALL,,16,5,,
TX,42,399,RUNNELS,,16,5,,
TX,42,401,RUSK,,16,5,,
TX,42,403,SABINE,,16,5,,
TX,42,405,SAN AUGUSTINE,,16,5,,
TX,42,407,SAN JACINTO,,23,5,,
TX,42,409,SAN PATRICIO,H,23,5,HOUSTON,
TX,42,411,SAN SABA,,16,5,,
TX,42,413,SCHLEICHER,,16,5,,
TX,42,415,SCURRY,,16,5,,
TX,42,417,SCHACKELFORD,,16,5,,
TX,42,419,SHELBY,,16,5,,
TX,42,421,SHERMAN,,16,5,,
TX,42,423,SMITH,,16,5,,
TX,42,425,SOMERVELL,,16,5,,
TX,42,427,STARR,H,23,5,HOUSTON,
TX,42,429,STEPHENS,,16,5,,
TX,42,431,STERLING,,16,5,,
TX,42,433,STONEWALL,,16,5,,
TX,42,435,SUTTON,,16,5,,
TX,42,437,SWISHER,,16,5,,
TX,42,439,TARRANT,,16,5,,
TX,42,441,TAYLOR,,16,5,,
TX,42,443,TERRELL,,16,5,,
TX,42,445,TERRY,,16,5,,
TX,42,447,THROCKMORTON,,16,5,,
TX,42,449,TITUS,,16,5,,
TX,42,451,TOM GREEN,,16,5,,
TX,42,453,TRAVIS,S,23,5,SAN ANTONIO,
TX,42,455,TRINITY,,16,5,,
TX,42,457,TYLER,H,23,5,HOUSTON,
TX,42,459,UPSHUR,,16,5,,
TX,42,461,UPTON,,16,5,,
TX,42,463,UVALDE,S,23,5,,
TX,42,465,VAL VERDE,S,23,5,,
TX,42,467,VAN ZANDT,,16,5,,
TX,42,469,VICTORIA,H,23,5,HOUSTON,
TX,42,471,WALKER,H,23,5,HOUSTON,
TX,42,473,WALLER,H,23,5,HOUSTON,
TX,42,475,WARD,,16,5,,
TX,42,477,WASHINGTON,H,23,5,HOUSTON,
TX,42,479,WEBB,S,23,5,SAN ANTONIO,
TX,42,481,WHARTON,H,23,5,HOUSTON,
TX,42,483,WHEELER,,16,5,,
TX,42,485,WICHITA,,16,5,,
TX,42,487,WILBARGER,,16,5,,
TX,42,489,WILLACY,H,23,5,HOUSTON,
TX,42,491,WILLIAMSON,,16,5,,
TX,42,493,WILSON,S,23,5,SAN ANTONIO,
TX,42,495,WINKLER,,16,5,,
TX,42,497,WISE,,16,5,,
TX,42,499,WOOD,,16,5,,
TX,42,501,YOAKUM,,16,5,,
TX,42,503,YOUNG,,16,5,,
TX,42,505,ZAPATA,H,23,5,HOUSTON,
TX,42,507,ZAVALA,S,23,5,SAN ANTONIO,
UT,43,1,BEAVER,,27,5,,
UT,43,3,BOX ELDER,,27,5,,
UT,43,5,CACHE,,27,5,,
UT,43,7,CARBON,,27,5,,
UT,43,9,DAGGETT,,27,5,,
UT,43,11,DAVIS,,27,5,,
UT,43,13,DUCHESNE,,27,5,,
UT,43,15,EMERY,,27,5,,
UT,43,17,GARFIELD,,27,5,,
UT,43,19,GRAND,,27,5,,
UT,43,21,IRON,,27,5,,
UT,43,23,JUAB,,27,5,,
UT,43,25,KANE,,27,5,,
UT,43,27,MILLARD,,27,5,,
UT,43,29,MORGAN,,27,5,,
UT,43,31,PIUTE,,27,5,,
UT,43,33,RICH,,27,5,,
UT,43,35,SALT LAKE,,27,5,,
UT,43,37,SANJUAN,,27,5,,
UT,43,39,SANPETE,,27,5,,
UT,43,41,SEVIER,,27,5,,
UT,43,43,SUMMIT,,27,5,,
UT,43,45,TOOELE,,27,5,,
UT,43,47,UINTAH,,27,5,,
UT,43,49,UTAH,,27,5,,
UT,43,51,WASATCH,,27,5,,
UT,43,53,WASHINGTON,,27,5,,
UT,43,55,WAYNE,,27,5,,
UT,43,57,WEBER,,27,5,,
VT,44,1,ADDISON,,1,1,,
VT,44,3,BENNINGTON,,1,1,,
VT,44,5,CALEDONIA,,1,1,,
VT,44,7,CHITTENDEN,,1,1,,
VT,44,9,ESSEX,,1,1,,
VT,44,11,FRANKLIN,,1,1,,
VT,44,13,GRAND ISLE,,1,1,,
VT,44,15,LAMOILLE,,1,1,,
VT,44,17,ORANGE,,1,1,,
VT,44,19,ORLEANS,,1,1,,
VT,44,21,RUTLAND,,1,1,,
VT,44,23,WASHINGTON,,1,1,,
VT,44,25,WlNDHAM,,1,1,,
VT,44,27,WINDSOR,,1,1,,
VA,45,1,ACCOMACK,,5,4,,
VA,45,3,ALBEMARLE,,5,4,,
VA,45,5,ALLEGHANY,,5,4,,
VA,45,7,AMELIA,,5,4,,
VA,45,9,AMHERSl,,5,4,,
VA,45,11,APPOMATTOX,,5,4,,
VA,45,13,ARLINGTON,,5,4,,
VA,45,15,AUGUSTA,,5,4,,
VA,45,17,BATH,,5,4,,
VA,45,19,BEDFORD,,5,4,,
VA,45,21,BLAND,,5,4,,
VA,45,23,BOTETOURT,,5,4,,
VA,45,25,BRUNSWICK,,5,4,,
VA,45,27,BUCHANAN,,5,4,,
VA,45,29,BUCKINGHAM,,5,4,,
VA,45,31,CAMPBELL,,5,4,,
VA,45,33,CAROLINE,,5,4,,
VA,45,35,CARROLL,,5,4,,
VA,45,37,CHARLOTTE,,5,4,,
VA,45,39,CHARLES CITY,,5,4,,
VA,45,41,CHESTERFIELD,,5,4,,
VA,45,43,CLARKE,,5,4,,
VA,45,45,CRAIG,,5,4,,
VA,45,47,CULPEPER,,5,4,,
VA,45,49,CUMBERLAND,,5,4,,
VA,45,51,DICKENSON,,5,4,,
VA,45,53,DINWIDDIE,,5,4,,
VA,45,57,ESSEX,,5,4,,
VA,45,59,FAIRFAX,,5,4,,
VA,45,61,FAUQUIER,,5,4,,
VA,45,63,FLOYD,,5,4,,
VA,45,65,FLUVANNA,,5,4,,
VA,45,67,FRANKLIN,,5,4,,
VA,45,69,FREDERICK,,5,4,,
VA,45,71,GILES,,5,4,,
VA,45,73,GLOUCESTER,,5,4,,
VA,45,75,GOOCHLAND,,5,4,,
VA,45,77,GRAYSON,,5,4,,
VA,45,79,GREENE,,5,4,,
VA,45,81,GREENSVILLE,,5,4,,
VA,45,83,HALIFAX,,5,4,,
VA,45,85,HANOVER,,5,4,,
VA,45,87,HENRICO,,5,4,,
VA,45,89,HENRY,,5,4,,
VA,45,91,HIGHLAND,,5,4,,
VA,45,93,ISLE OF WIGHT,,5,4,,
VA,45,95,JAMES CITY,,5,4,,
VA,45,97,KING AND QUEEN,,5,4,,
VA,45,99,KING GEORGE,,5,4,,
VA,45,101,KING WILLIAM,,5,4,,
VA,45,103,LANCASTER,,5,4,,
VA,45,105,LEE,,5,4,,
VA,45,107,LOUDOUN,,5,4,WASHINGTON DC,
VA,45,109,LOUISA,,5,4,,
VA,45,111,LUNENBURG,,5,4,,
VA,45,113,MADISON,,5,4,,
VA,45,115,MATHEWS,,5,4,,
VA,45,117,MECKLENBURG,,5,4,,
VA,45,121,MONTGOMERY,,5,4,,
VA,45,123,NANSEMOND,,5,4,,
VA,45,125,NELSON,,5,4,,
VA,45,127,NEW KENT,,5,4,,
VA,45,131,NORTHAMPTON,,5,4,,
VA,45,133,NORTHUMBERLAND,,5,4,,
VA,45,135,NOTTOWAY,,5,4,,
VA,45,137,ORANGE,,5,4,,
VA,45,139,PAGE,,5,4,,
VA,45,141,PATRICK,,5,4,,
VA,45,143,PITTSYLVANIA,,5,4,,
VA,45,145,POWHATAN,,5,4,,
VA,45,147,PRINCE EDWARD,,5,4,,
VA,45,149,PRINCE GEORGE,,5,4,,
VA,45,153,PRINCE WILLIAM,,5,4,,
VA,45,155,PULASKI,,5,4,,
VA,45,157,RAPPAHANNOCK,,5,4,,
VA,45,159,RICHMOND,,5,4,,
VA,45,161,ROANOK,,5,4,,
VA,45,163,ROCKBRIDGE,,5,4,,
VA,45,165,ROCKINGHAM,,5,4,,
VA,45,167,RUSSELL,,5,4,,
VA,45,169,SCOTT,,5,4,,
VA,45,171,SHENANDOAH,,5,4,,
VA,45,173,SMYTH,,5,4,,
VA,45,175,SOUTHAMPTON,,5,4,,
VA,45,177,SPOTSYLVANIA,,5,4,,
VA,45,179,STAFFORD,,5,4,,
VA,45,181,SURRY,,5,4,,
VA,45,183,SUSSEX,,5,4,,
VA,45,185,TAZEWEEL,,5,4,,
VA,45,187,WARREN,,5,4,,
VA,45,191,WASHINGTON,,5,4,,
VA,45,193,WESTMORELAND,,5,4,,
VA,45,195,WISE,,5,4,,
VA,45,197,WYTHE,,5,4,,
VA,45,199,YORK,,5,4,,
VA,45,510,ALEXANDRIA,D,5,4,WASHINGTON DC,
VA,45,515,BEDFORD,,5,4,,
VA,45,520,BRISTOL,,5,4,,
VA,45,530,BUENA VISTA,,5,4,,
VA,45,540,CHARLOTTESVILLE,,5,4,,
VA,45,550,CHESAPEAKE,,5,4,,
VA,45,560,CLIFTON FORGE,,5,4,,
VA,45,570,COLONIAL HEIGHTS,,5,4,,
VA,45,580,COVINGTON,,5,4,,
VA,45,590,DANVILLE,,5,4,,
VA,45,595,EMPORIA,,5,4,,
VA,45,600,FAIRFAX,,5,4,,
VA,45,610,FALLS CHURCH,,5,4,,
VA,45,620,FRANKLIN,,5,4,,
VA,45,630,FREDERICKSBURG,,5,4,,
VA,45,640,GALAX,,5,4,,
VA,45,650,HAMPTON,,5,4,,
VA,45,660,HARRISONBURG,,5,4,,
VA,45,670,HOPEWELL,,5,4,,
VA,45,678,LEXINGTON,,5,4,,
VA,45,680,LYNCHBURG,,5,4,,
VA,45,683,MANASSAS,,5,4,,
VA,45,690,MARTINSVILLE,,5,4,,
VA,45,700,NEWPORTNEWS,,5,4,,
VA,45,710,NORFOLK,,5,4,,
VA,45,720,NORTON,,5,4,,
VA,45,730,PETERSEURG,,5,4,,
VA,45,740,PORTSMOUTH,,5,4,,
VA,45,750,RADFORD,,5,4,,
VA,45,760,RICHMOND,,5,4,,
VA,45,770,ROANOKE,,5,4,,
VA,45,775,SALEM,,5,4,,
VA,45,780,SOUTH BOSTON,,5,4,,
VA,45,790,STAUNTON,,5,4,,
VA,45,800,SUFFOLK,,5,4,,
VA,45,810,VIRGINIA BEACH,,5,4,,
VA,45,820,WAYNESBORO,,5,4,,
VA,45,830,WILLIAMSBURG,,5,4,,
VA,45,840,WINCHESTER,,5,4,,
WA,46,1,ADAMS,,19,6,,
WA,46,3,ASOTIN,,19,6,,
WA,46,5,BENTON,,19,6,,
WA,46,7,CHELAN,,19,6,,
WA,46,9,CLALLAM,,19,6,,
WA,46,11,CLARK,,36,6,,
WA,46,13,COLUMBIA,,19,6,,
WA,46,15,COWLITZ,,19,6,,
WA,46,17,DOUGLAS,,19,6,,
WA,46,19,FERRY,,19,6,,
WA,46,21,FRANKLIN,,19,6,,
WA,46,23,GARFIELD,,19,6,,
WA,46,25,GRANT,,19,6,,
WA,46,27,GRAYS HARBOR,,19,6,,
WA,46,29,ISLAND,,19,6,,
WA,46,31,JEFFERSON,,19,6,,
WA,46,33,KING,,19,6,,
WA,46,35,KITSAP,,19,6,,
WA,46,37,KITTITAS,,19,6,,
WA,46,39,KLICKITAT,,19,6,,
WA,46,41,LEWIS,,19,6,,
WA,46,43,LINCOLN,,19,6,,
WA,46,45,MASON,,19,6,,
WA,46,47,OLANOGAN,,19,6,,
WA,46,49,PACIFIC,,19,6,,
WA,46,51,PEND OREILLE,,19,6,,
WA,46,53,PIERCE,,19,6,,
WA,46,55,SANJUAN,,19,6,,
WA,46,57,SKAGIT,,19,6,,
WA,46,59,SKAMANIA,,19,6,,
WA,46,61,SNOHOMISH,,19,6,,
WA,46,63,SPOKANE,,19,6,,
WA,46,65,STEVENS,,19,6,,
WA,46,67,THURSTON,,19,6,,
WA,46,69,WAHKIAKUM,,19,6,,
WA,46,71,WALLA WALLA,,19,6,,
WA,46,73,WHATCOM,,19,6,,
WA,46,75,WHITMAN,,19,6,,
WA,46,77,YAKIMA,,19,6,,
WV,47,1,BARBOUR,,6,2,,
WV,47,3,BERKELEY,,5,4,,
WV,47,5,BOONE,,9,2,,
WV,47,7,BRAXTON,,9,2,,
WV,47,9,BROOKE,,6,2,,
WV,47,11,CABELL,,9,2,,
WV,47,13,CALHOUN,,9,2,,
WV,47,15,CLAY,,9,2,,
WV,47,17,DODRlDGE,,6,2,,
WV,47,19,FAYETIE,,9,2,,
WV,47,21,GILMER,,9,2,,
WV,47,23,GRANT,,5,4,,
WV,47,25,GREENBRIER,,9,2,,
WV,47,27,HAMPSHIRE,,5,4,,
WV,47,29,HANCOCK,,6,2,,
WV,47,31,HARDY,,5,4,,
WV,47,33,HARRlSON,,6,2,,
WV,47,35,JACKSON,,9,2,,
WV,47,37,JEFFERSON,,5,4,,
WV,47,39,KANAWHA,,9,2,,
WV,47,41,LEWIS,,6,2,,
WV,47,43,LINCOLN,,9,2,,
WV,47,45,LOGAN,,9,2,,
WV,47,47,MCDOWELL,,9,2,,
WV,47,49,MARlON,,6,2,,
WV,47,51,MARSHALL,,6,2,,
WV,47,53,MASON,,9,2,,
WV,47,55,MERCER,,9,2,,
WV,47,57,MINERAL,,5,4,,
WV,47,59,MINGO,,9,2,,
WV,47,61,MONONGALIA,,6,2,,
WV,47,63,MONROE,,9,2,,
WV,47,65,MORGAN,,5,4,,
WV,47,67,NICHOLAS,,9,2,,
WV,47,71,PENDLETON,,5,4,,
WV,47,73,PLEASANTS,,9,2,,
WV,47,75,POCAHONTAS,,6,2,,
WV,47,77,PRESTON,,6,2,,
WV,47,79,PUTNAM,,9,2,,
WV,47,81,RALEIGH,,9,2,,
WV,47,83,RANDOLPH,,6,2,,
WV,47,85,RITCHIE,,9,2,,
WV,47,87,ROANE,,9,2,,
WV,47,89,SUMMERS,,9,2,,
WV,47,91,TAYLOR,,6,2,,
WV,47,93,TUCKER,,6,2,,
WV,47,95,TYLER,,9,2,,
WV,47,97,UPSHUR,,6,2,,
WV,47,99,WAYNE,,9,2,,
WV,47,101,WEBSTER,,6,2,,
WV,47,103,WETZEL,,6,2,,
WV,47,105,WlRT,,9,2,,
WV,47,107,WOOD,,9,2,,
WV,47,109,WYOMING,,9,2,,
WI,48,1,ADAMS,,30,3,,
WI,48,3,ASHLAND,,18,5,,
WI,48,5,BARROW,,18,5,,
WI,48,7,BAYFIELD,,18,5,,
WI,48,9,BROWN,,30,3,,
WI,48,11,BUFFALO,,18,5,,
WI,48,13,BURNETI,,18,5,,
WI,48,15,CALUMET,,30,3,,
WI,48,17,CHIPPEWA,,30,3,,
WI,48,19,CLARK,,18,5,,
WI,48,21,COLULMBlA,,30,3,,
WI,48,23,CRAWFORD,,30,3,,
WI,48,25,DANE,,30,3,,
WI,48,27,DODGE,,30,3,,
WI,48,29,DOOR,,30,3,,
WI,48,31,DOUGLAS,,18,5,,
WI,48,33,DUNN,,18,5,,
WI,48,35,EAU CLAIRE,,18,5,,
WI,48,37,FLORENCE,,30,3,,
WI,48,39,FONDDULAC,,30,3,,
WI,48,41,FOREST,,30,3,,
WI,48,43,GRANT,,30,3,,
WI,48,45,GREEN,,30,3,,
WI,48,47,GREEN LAKE,,30,3,,
WI,48,49,IOWA,,30,3,,
WI,48,51,IRON,,18,5,,
WI,48,53,JACKSON,,18,5,,
WI,48,55,JEFFERSON,,30,3,,
WI,48,57,JUNEAU,,30,3,,
WI,48,59,KENDSHA,,30,3,,
WI,48,61,KEWAUNEE,,30,3,,
WI,48,63,LA CROSSE,,30,3,,
WI,48,65,LAFAYETTE,,30,3,,
WI,48,67,LANGLADE,,30,3,,
WI,48,69,LINCOLN,,30,3,,
WI,48,71,MANITOWOC,,30,3,,
WI,48,73,MARATHON,,30,3,,
WI,48,75,MARINETTE,,30,3,,
WI,48,77,MARQUETTE,,30,3,,
WI,48,78,MENOMINEE,,30,3,,
WI,48,79,MILWAUKEE,,30,3,,
WI,48,81,MONROE,,30,3,,
WI,48,83,OCONTO,,30,3,,
WI,48,85,ONEIDA,,30,3,,
WI,48,87,OUTAGAMIE,,30,3,,
WI,48,89,OZAUKEE,,30,3,,
WI,48,91,PEPIN,,18,5,,
WI,48,93,PIERCE,,18,5,,
WI,48,95,POLK,,18,5,,
WI,48,97,PORTAGE,,30,3,,
WI,48,99,PRICE,,18,5,,
WI,48,101,RACINE,,30,3,,
WI,48,103,RICHLAND,,30,3,,
WI,48,105,ROCK,,30,3,,
WI,48,107,RUSK,,18,5,,
WI,48,109,STCRDIX,,18,5,,
WI,48,111,SAUK,,30,3,,
WI,48,113,SAWYER,,18,5,,
WI,48,115,SHAWANO,,30,3,,
WI,48,117,SHEBOYGAN,,30,3,,
WI,48,119,TAYLOR,,18,5,,
WI,48,121,TREMPEALEAU,,18,5,,
WI,48,123,VERNON,,30,3,,
WI,48,125,VILAS,,30,3,,
WI,48,127,WALWORTLH,,30,3,,
WI,48,129,WASHBURN,,18,5,,
WI,48,131,WASHINGTON,,30,3,,
WI,48,133,WAUKESHA,,30,3,,
WI,48,135,WAUPACA,,30,3,,
WI,48,137,WAUSHARA,,30,3,,
WI,48,139,WINNEBAGO,,30,3,,
WI,48,141,WOOD,,30,3,,
WY,49,1,ALBANY,,27,5,,
WY,49,3,BIG HORN,,27,5,,
WY,49,5,CAMPBELL,,27,5,,
WY,49,7,CARBON,,27,5,,
WY,49,9,CONVERSE,,27,5,,
WY,49,11,CROOK,,27,5,,
WY,49,13,FREMONl,,27,5,,
WY,49,15,GOSHEN,,27,5,,
WY,49,17,HOT SPRINGS,,27,5,,
WY,49,19,JOHNSON,,27,5,,
WY,49,21,LARAMIE,,27,5,,
WY,49,23,LINCOLN,,27,5,,
WY,49,25,NATRONA,,27,5,,
WY,49,27,NIOBRARA,,27,5,,
WY,49,29,PARK,,27,5,,
WY,49,31,PLATTE,,27,5,,
WY,49,33,SHERIDAN,,27,5,,
WY,49,35,SUBLETTE,,27,5,,
WY,49,37,SWEETWATER,,27,5,,
WY,49,39,TETON,,27,5,,
WY,49,41,UINTA,,27,5,,
WY,49,43,WASHAKIE,,27,5,,
WY,49,45,WESTON,,27,5,,
AK,50,10,ALEUTIAN ISLANDS,A,19,6,ANCHORAGE,
AK,50,20,ANCHORAGE,A,19,6,ANCHORAGE,
AK,50,30,ANGOON,A,19,6,ANCHORAGE,
AK,50,40,BARROW,A,19,6,ANCHORAGE,
AK,50,50,BETHEL,A,19,6,ANCHORAGE,
AK,50,60,BRISTOL BAY BORO,A,19,6,ANCHORAGE,
AK,50,70,BRISTOL BAY,A,19,6,ANCHORAGE,
AK,50,80,CORDOVAÂ­ MCCARTHY,A,19,6,ANCHORAGE,
AK,50,90,FAIRBANKS,A,19,6,ANCHORAGE,
AK,50,100,HAINES,A,19,6,ANCHORAGE,
AK,50,110,JUNEAU,A,19,6,ANCHORAGE,
AK,50,120,KENAIÂ­ COOK INLET,A,19,6,ANCHORAGE,
AK,50,130,KETCHIKAN,A,19,6,ANCHORAGE,
AK,50,140,KOBUK,A,19,6,ANCHORAGE,
AK,50,150,KODIAK,A,19,6,ANCHORAGE,
AK,50,160,KUSKOKWIM,A,19,6,ANCHORAGE,
AK,50,170,MATANUSKAÂ­ SUSNITA,A,19,6,ANCHORAGE,
AK,50,180,NOME,A,19,6,ANCHORAGE,
AK,50,190,OUTER KETCHIKAN,A,19,6,ANCHORAGE,
AK,50,200,PRINCE OF WALES,A,19,6,ANCHORAGE,
AK,50,210,SEWARD,A,19,6,ANCHORAGE,
AK,50,220,SITKA,A,19,6,ANCHORAGE,
AK,50,230,SKAGWAY YAKUTAT,A,19,6,ANCHORAGE,
AK,50,240,SOUTHEAST FAIRBANKS,A,19,6,ANCHORAGE,
AK,50,250,UPPER YUKON,A,19,6,ANCHORAGE,
AK,50,260,VALDEZ CHITINA,A,19,6,ANCHORAGE,
AK,50,270,WADE HAMPTON,A,19,6,ANCHORAGE,
AK,50,280,WRANGELL PETERSBURG,A,19,6,ANCHORAGE,
AK,50,290,YUKON KOYUKUK,A,19,6,ANCHORAGE,
HA,51,1,HAWAII,,37,6,,
HA,51,3,HONOLULU,,37,6,,
HA,51,7,KAUAI,,37,6,,
HA,51,9,MAUl,,37,6,,
PR,52,10,"ADJUNTAS, PONCE",,24,1,,
PR,52,20,"AGUADA, AGUADILLA",,24,1,,
PR,52,30,"AGUADILLA, AGUADILLA",,24,1,,
PR,52,40,"AGUGAS BUENAS, GUAYAM",,24,1,,
PR,52,50,"AGUIRRE, GUAYAMA",,24,1,,
PR,52,60,"AIBONITO, GUAYAMA",,24,1,,
PR,52,70,"ANASCO, AQUADILLA",,24,1,,
PR,52,80,ANGELES ARECIBO,,24,1,,
PR,52,90,"ARECIBO, ARECIBO",,24,1,,
PR,52,100,"ARROYO, GUAYAMA",,24,1,,
PR,52,101,"VEGA ALTA, ARECIBO",,24,1,,
PR,52,102,"VEGA BAJA, ARECIBO",,24,1,,
PR,52,103,"VIEQUES, VIEOUES",,24,1,,
PR,52,104,"VILLALBA, PONCE",,24,1,,
PR,52,105,"YABUCOA, HUMACAO",,24,1,,
PR,52,106,"YAUCO, MAYAGUEZ",,24,1,,
PR,52,107,"YUQUIYU, HUMACAO",,24,1,,
PR,52,110,"BAJADERO, ARECIBO",,24,1,,
PR,52,120,"BARCELONETA, ARECIBO",,24,1,,
PR,52,130,"BARRANQUITAS, GUAYAMA",,24,1,,
PR,52,140,"BAYAMON,SAN JUAN",,24,1,,
PR,52,150,"BOQUERON, MAYAGUEZ",,24,1,,
PR,52,160,"CABO ROJO, MAYAGUEZ",,24,1,,
PR,52,170,"CAGUAS, GUAYAMA",,24,1,,
PR,52,175,CAMP TORTUGUERO,,24,1,,
PR,52,180,"CAMUY, AGUADILLA",,24,1,,
PR,52,190,"CANOVANAS, HUMACAO",,24,1,,
PR,52,195,"CAPARRA HGTS, SAN JUAN",,24,1,,
PR,52,200,"CAROLINA, SAN JUAN",,24,1,,
PR,52,210,"CASTANER, AGUDILLA",,24,1,,
PR,52,220,"CATANO, SANJUAN",,24,1,,
PR,52,230,"CAYEY,GUAYAMA",,24,1,,
PR,52,235,"CAYO,SANTIAGO",,24,1,,
PR,52,240,"CEIBA,HUMACAO",,24,1,,
PR,52,250,"C.SAN VICENTE, ARECIB",,24,1,,
PR,52,260,"CENT. SOLLER,AGUADILLA",,24,1,,
PR,52,270,"CIALES,ARECIBO",,24,1,,
PR,52,280,"CIDRA, GUAYAMA",,24,1,,
PR,52,290,"COAMO, PONCE",,24,1,,
PR,52,300,"COLOSO, AGUADILLA",,24,1,,
PR,52,310,"COMBRIO, GUAYAMA",,24,1,,
PR,52,320,"COROZAL, SAN JUAN",,24,1,,
PR,52,330,"CORRAL VIEJO,PONCE",,24,1,,
PR,52,340,"COTO LAUREL, PONCE",,24,1,,
PR,52,350,"CULEBRA, HUMACAO",,24,1,,
PR,52,360,"DORADO, ARECIBO",,24,1,,
PR,52,370,"ENSENADA, MAYAGUEZ",,24,1,,
PR,52,380,"FAJARDO, HUMACAO",,24,1,,
PR,52,390,"FLORIDA, ARECIBO",,24,1,,
PR,52,393,FT BROOKE S.J. MIL I,,24,1,,
PR,52,395,"FT BUCHANAN,DEGUAYN",,24,1,,
PR,52,400,FORTUNA PONCE,,24,1,,
PR,52,410,"GARROCHALES, ARECIBO",,24,1,,
PR,52,420,"GUANICA, MAYAGUEZ",,24,1,,
PR,52,430,"GUAYAMA, GUAYAMA",,24,1,,
PR,52,440,"GUAYANILLA, MAYAGUEZ",,24,1,,
PR,52,450,"GUAYNABO, SAN JUAN",,24,1,,
PR,52,460,"GUARBO, HUMACA",,24,1,,
PR,52,470,"HATILLO, AGUADILLA",,24,1,,
PR,52,480,"HATOREY,SAN JUAN",,24,1,,
PR,52,490,"HORMIGUEROS, MAYAGUEZ",,24,1,,
PR,52,500,"HUMACAO,HUMACAO",,24,1,,
PR,52,505,"ILSA VERDE,CAROLINA",,24,1,,
PR,52,510,"ISABELA, AGUADILLA",,24,1,,
PR,52,520,"JAYUYA, PONCE",,24,1,,
PR,52,530,"JUANA DIAZ, JUANADIA",,24,1,,
PR,52,540,"JUNCOS,HUMACAO",,24,1,,
PR,52,550,"LAJAS,MAYAGUEZ",,24,1,,
PR,52,560,"LAPLATA,GUAYAMA",,24,1,,
PR,52,570,"LAREA,AGUADILLA",,24,1,,
PR,52,580,"LAS MARIAS,AGUADILLA",,24,1,,
PR,52,590,"LAS PIEDRAS, HUMACA",,24,1,,
PR,52,595,"LEVITTOWN, SANJUAN",,24,1,,
PR,52,600,"LOIZA, HUMACAO",,24,1,,
PR,52,610,"LUQUILLO, HUMACAO",,24,1,,
PR,52,620,"MANATI, ARECIBO",,24,1,,
PR,52,630,"MARICAO,AGUADIILA",,24,1,,
PR,52,640,"MAUNABO,GUAYAMA",,24,1,,
PR,52,650,"MAYAGUEQ, MAYAGUEZ",,24,1,,
PR,52,660,"MERCEDI, PONCE",,24,1,,
PR,52,670,"MOCA, AGUADILLA",,24,1,,
PR,52,675,MONA,,24,1,,
PR,52,680,MOROVIS ARECIBO,,24,1,,
PR,52,690,"NAGUABO, HUMACAO",,24,1,,
PR,52,700,"NARANJITO, SAN JUAN",,24,1,,
PR,52,710,"OROCOVIS, PONCE",,24,1,,
PR,52,712,"PARQUERA,LAJAS",,24,1,,
PR,52,720,"PALMER, HUMACAO",,24,1,,
PR,52,740,"PATILLAS, GUAYAMA",,24,1,,
PR,52,750,"PENUELAS, MAYAGUEZ",,24,1,,
PR,52,756,"PLAO SECO, SAN JUAN",,24,1,,
PR,52,757,"PLAYA,HUMACAO",,24,1,,
PR,52,760,"PONCE, PONCE",,24,1,,
PR,52,763,"PUERTA DA PIERRA,S.J",,24,1,,
PR,52,765,PUERTO DE TIERR,,24,1,,
PR,52,768,"PUERTO NUEVO,SAN JUA",,24,1,,
PR,52,770,"PUERTO REAL, HUMACAO",,24,1,,
PR,52,780,"PUNTA SANTIAGO, HUMACAO",,24,1,,
PR,52,790,"QUEBRADILLAS, AGUADIL",,24,1,,
PR,52,795,RAMEY AFB,,24,1,,
PR,52,800,"RINCON, AGUDILLA",,24,1,,
PR,52,810,"RIO BALANCO,HUMACAO",,24,1,,
PR,52,820,"RIO GRANDE, HUMACAO",,24,1,,
PR,52,830,"RIO PIEDRAS, SAN JUAN",,24,1,,
PR,52,840,"ROOSEVELT, SAN JUAN",,24,1,,
PR,52,850,"ROSARIO, MAYAGUEZ",,24,1,,
PR,52,860,"SABANA GRANDE, MAYAGUEZ",,24,1,,
PR,52,870,"SABANA HOYOS, ARECIBO",,24,1,,
PR,52,880,"SABANA SECA, SAN JUAN",,24,1,,
PR,52,890,"SAINT JUST, SAN JUAN",,24,1,,
PR,52,900,"SALINAS, GUAYAMA",,24,1,,
PR,52,910,"SAN ANTONIO, AGUADILL",,24,1,,
PR,52,920,"SAN GERMAN, MAYAGUEZ",,24,1,,
PR,52,930,"SAN JUAN,SAN JUAN",,24,1,,
PR,52,940,"SAN LORENZO,HUMACAO",,24,1,,
PR,52,945,"SAN PATRICIO,SAN JUA",,24,1,,
PR,52,950,"SANS EBASTIAN, AGUADI",,24,1,,
PR,52,960,"SANTA ISABEL, PONCE",,24,1,,
PR,52,963,"SANTA TERESITA, SANJ",,24,1,,
PR,52,964,"SANTURCE,SAN JUAN",,24,1,,
PR,52,970,"TDA ALTA, SAN JUAN",,24,1,,
PR,52,980,"TDA BAJA, SAN JUAN",,24,1,,
PR,52,990,"TRUKILLO ALTO, SAN JU",,24,1,,
VI,54,100,CHARLOTTE AMALIE,,24,1,,
VI,54,200,CHRISTIANSTED,,24,1,,
VI,54,300,CRUZ BAY,,24,1,,
VI,54,380,ESTATE HULL,,24,1,,
VI,54,400,FREDERIKSTED,,24,1,,
VI,54,500,KlNGSHILL,,24,1,,
VI,54,700,ST JOHN IS,,24,1,,
VI,54,800,ST CROIX,,24,1,,
VI,54,900,ST THOMAS,,24,1,,
GQ,87,60,GUAM,,37,6,,
AQ,87,66,AM SAMOA,,37,6,,
TQ,87,75,MARSHALL AND MARIANA,,37,6,,
GU,87,410,GUAM,,37,6,,
